event_id,date,type_original,title_location,location_string,administrative_area_level_1,municipality_source,geography_group
5242,2016-11-24,"Trafikolycka,  vilt",Norrbotten,"Jämtland, Västerbotten, Västernorrland, Norrbotten, Norrbottens län",Norrbottens län,cross_county_ambiguous,"Norrbotten, okänd kommun"
5393,2016-11-25,"Trafikolycka,  vilt",Norrbotten,"Jämtland, Västerbotten, Västernorrland, Norrbotten, Norrbottens län",Norrbottens län,cross_county_ambiguous,"Norrbotten, okänd kommun"
27126,2017-05-05,Trafikkontroll,Norrbotten,"Jämtland, Västernorrland, Västerbotten, Norrbotten, Norrbottens län",Norrbottens län,cross_county_ambiguous,"Norrbotten, okänd kommun"
90428,2018-10-17,Övrigt,Norrbottens län,"Norrbotten, Västerbotten, Västernorrland, Norrbottens län",Norrbottens län,cross_county_ambiguous,"Norrbotten, okänd kommun"
91250,2018-10-23,Övrigt,Norrbottens län,"Norrbotten, Västerbotten, Västernorrland, Norrbottens län",Norrbottens län,cross_county_ambiguous,"Norrbotten, okänd kommun"
91848,2018-10-27,Övrigt,Norrbottens län,"Norrbotten, Västerbotten, Västernorrland, Norrbottens län",Norrbottens län,cross_county_ambiguous,"Norrbotten, okänd kommun"
91945,2018-10-28,Övrigt,Norrbottens län,"Norrbotten, Västerbotten, Västernorrland, Norrbottens län",Norrbottens län,cross_county_ambiguous,"Norrbotten, okänd kommun"
92474,2018-10-31,Övrigt,Norrbottens län,"Norrbotten, Västerbotten, Västernorrland, Norrbottens län",Norrbottens län,cross_county_ambiguous,"Norrbotten, okänd kommun"
92671,2018-11-01,Övrigt,Norrbottens län,"Norrbotten, Västerbotten, Västernorrland, Norrbottens län",Norrbottens län,cross_county_ambiguous,"Norrbotten, okänd kommun"
92828,2018-11-02,Övrigt,Norrbottens län,"Norrbotten, Västerbotten, Västernorrland, Norrbottens län",Norrbottens län,cross_county_ambiguous,"Norrbotten, okänd kommun"
92914,2018-11-03,Övrigt,Norrbottens län,"Norrbotten, Västerbotten, Västernorrland, Norrbottens län",Norrbottens län,cross_county_ambiguous,"Norrbotten, okänd kommun"
93024,2018-11-04,Övrigt,Norrbottens län,"Norrbotten, Västerbotten, Västernorrland, Norrbottens län",Norrbottens län,cross_county_ambiguous,"Norrbotten, okänd kommun"
93551,2018-11-07,Övrigt,Norrbottens län,"Norrbotten, Västerbotten, Västernorrland, Norrbottens län",Norrbottens län,cross_county_ambiguous,"Norrbotten, okänd kommun"
93733,2018-11-08,Övrigt,Norrbottens län,"Norrbotten, Västerbotten, Västernorrland, Norrbottens län",Norrbottens län,cross_county_ambiguous,"Norrbotten, okänd kommun"
93891,2018-11-09,Övrigt,Norrbottens län,"Norrbotten, Västerbotten, Västernorrland, Norrbottens län",Norrbottens län,cross_county_ambiguous,"Norrbotten, okänd kommun"
94253,2018-11-12,Övrigt,Norrbottens län,"Norrbotten, Västerbotten, Västernorrland, Norrbottens län",Norrbottens län,cross_county_ambiguous,"Norrbotten, okänd kommun"
94413,2018-11-13,Övrigt,Norrbottens län,"Norrbotten, Västerbotten, Västernorrland, Norrbottens län",Norrbottens län,cross_county_ambiguous,"Norrbotten, okänd kommun"
94560,2018-11-14,Övrigt,Norrbottens län,"Norrbotten, Västerbotten, Västernorrland, Norrbottens län",Norrbottens län,cross_county_ambiguous,"Norrbotten, okänd kommun"
94692,2018-11-15,Övrigt,Norrbottens län,"Norrbotten, Västerbotten, Västernorrland, Norrbottens län",Norrbottens län,cross_county_ambiguous,"Norrbotten, okänd kommun"
95304,2018-11-19,Övrigt,Norrbottens län,"Norrbotten, Västerbotten, Västernorrland, Norrbottens län",Norrbottens län,cross_county_ambiguous,"Norrbotten, okänd kommun"
95460,2018-11-20,Övrigt,Norrbottens län,"Norrbotten, Västerbotten, Västernorrland, Norrbottens län",Norrbottens län,cross_county_ambiguous,"Norrbotten, okänd kommun"
96009,2018-11-24,Övrigt,Norrbottens län,"Norrbotten, Västerbotten, Västernorrland, Norrbottens län",Norrbottens län,cross_county_ambiguous,"Norrbotten, okänd kommun"
96104,2018-11-25,Övrigt,Norrbottens län,"Norrbotten, Västerbotten, Västernorrland, Norrbottens län",Norrbottens län,cross_county_ambiguous,"Norrbotten, okänd kommun"
96184,2018-11-26,Övrigt,Norrbottens län,"Norrbotten, Västerbotten, Västernorrland, Norrbottens län",Norrbottens län,cross_county_ambiguous,"Norrbotten, okänd kommun"
96351,2018-11-27,Övrigt,Norrbottens län,"Norrbotten, Västerbotten, Västernorrland, Norrbottens län",Norrbottens län,cross_county_ambiguous,"Norrbotten, okänd kommun"
96523,2018-11-28,Övrigt,Norrbottens län,"Norrbotten, Västerbotten, Västernorrland, Norrbottens län",Norrbottens län,cross_county_ambiguous,"Norrbotten, okänd kommun"
96758,2018-11-29,Övrigt,Norrbottens län,"Norrbotten, Västerbotten, Västernorrland, Norrbottens län",Norrbottens län,cross_county_ambiguous,"Norrbotten, okänd kommun"
96936,2018-11-30,Övrigt,Norrbottens län,"Norrbotten, Västerbotten, Västernorrland, Norrbottens län",Norrbottens län,cross_county_ambiguous,"Norrbotten, okänd kommun"
97066,2018-12-02,Övrigt,Norrbottens län,"Norrbotten, Västerbotten, Västernorrland, Norrbottens län",Norrbottens län,cross_county_ambiguous,"Norrbotten, okänd kommun"
97199,2018-12-03,Övrigt,Norrbottens län,"Norrbotten, Västerbotten, Västernorrland, Norrbottens län",Norrbottens län,cross_county_ambiguous,"Norrbotten, okänd kommun"
97336,2018-12-04,Övrigt,Norrbottens län,"Norrbotten, Västerbotten, Västernorrland, Norrbottens län",Norrbottens län,cross_county_ambiguous,"Norrbotten, okänd kommun"
97455,2018-12-05,Övrigt,Norrbottens län,"Norrbotten, Västerbotten, Västernorrland, Norrbottens län",Norrbottens län,cross_county_ambiguous,"Norrbotten, okänd kommun"
97617,2018-12-06,Övrigt,Norrbottens län,"Norrbotten, Västerbotten, Västernorrland, Norrbottens län",Norrbottens län,cross_county_ambiguous,"Norrbotten, okänd kommun"
97774,2018-12-07,Övrigt,Norrbottens län,"Norrbotten, Västerbotten, Västernorrland, Norrbottens län",Norrbottens län,cross_county_ambiguous,"Norrbotten, okänd kommun"
98223,2018-12-10,Övrigt,Norrbottens län,"Norrbotten, Västerbotten, Västernorrland, Norrbottens län",Norrbottens län,cross_county_ambiguous,"Norrbotten, okänd kommun"
98421,2018-12-11,Övrigt,Norrbottens län,"Norrbotten, Västerbotten, Västernorrland, Norrbottens län",Norrbottens län,cross_county_ambiguous,"Norrbotten, okänd kommun"
98620,2018-12-12,Övrigt,Norrbottens län,"Norrbotten, Västerbotten, Västernorrland, Norrbottens län",Norrbottens län,cross_county_ambiguous,"Norrbotten, okänd kommun"
98795,2018-12-13,Övrigt,Norrbottens län,"Norrbotten, Västerbotten, Västernorrland, Norrbottens län",Norrbottens län,cross_county_ambiguous,"Norrbotten, okänd kommun"
99310,2018-12-17,Övrigt,Norrbottens län,"Norrbotten, Västerbotten, Västernorrland, Norrbottens län",Norrbottens län,cross_county_ambiguous,"Norrbotten, okänd kommun"
99463,2018-12-18,Övrigt,Norrbottens län,"Norrbotten, Västerbotten, Västernorrland, Norrbottens län",Norrbottens län,cross_county_ambiguous,"Norrbotten, okänd kommun"
100635,2018-12-27,Övrigt,Norrbottens län,"Norrbotten, Västerbotten, Västernorrland, Norrbottens län",Norrbottens län,cross_county_ambiguous,"Norrbotten, okänd kommun"
100795,2018-12-28,Övrigt,Norrbottens län,"Norrbotten, Västerbotten, Västernorrland, Norrbottens län",Norrbottens län,cross_county_ambiguous,"Norrbotten, okänd kommun"
100842,2018-12-29,Övrigt,Norrbottens län,"Norrbotten, Västerbotten, Västernorrland, Norrbottens län",Norrbottens län,cross_county_ambiguous,"Norrbotten, okänd kommun"
100934,2018-12-30,Övrigt,Norrbottens län,"Norrbotten, Västerbotten, Västernorrland, Norrbottens län",Norrbottens län,cross_county_ambiguous,"Norrbotten, okänd kommun"
101287,2019-01-02,Övrigt,Norrbottens län,"Norrbotten, Västerbotten, Västernorrland, Norrbottens län",Norrbottens län,cross_county_ambiguous,"Norrbotten, okänd kommun"
101466,2019-01-03,Övrigt,Norrbottens län,"Norrbotten, Västerbotten, Västernorrland, Norrbottens län",Norrbottens län,cross_county_ambiguous,"Norrbotten, okänd kommun"
101633,2019-01-04,Övrigt,Norrbottens län,"Norrbotten, Västerbotten, Västernorrland, Norrbottens län",Norrbottens län,cross_county_ambiguous,"Norrbotten, okänd kommun"
101962,2019-01-07,Övrigt,Norrbottens län,"Norrbotten, Västerbotten, Västernorrland, Norrbottens län",Norrbottens län,cross_county_ambiguous,"Norrbotten, okänd kommun"
102145,2019-01-08,Övrigt,Norrbottens län,"Norrbotten, Västerbotten, Västernorrland, Norrbottens län",Norrbottens län,cross_county_ambiguous,"Norrbotten, okänd kommun"
103720,2019-01-19,Övrigt,Norrbottens län,"Norrbotten, Västerbotten, Västernorrland, Norrbottens län",Norrbottens län,cross_county_ambiguous,"Norrbotten, okänd kommun"
103807,2019-01-20,Övrigt,Norrbottens län,"Norrbotten, Västerbotten, Västernorrland, Norrbottens län",Norrbottens län,cross_county_ambiguous,"Norrbotten, okänd kommun"
104402,2019-01-24,Övrigt,Norrbottens län,"Norrbotten, Västerbotten, Västernorrland, Norrbottens län",Norrbottens län,cross_county_ambiguous,"Norrbotten, okänd kommun"
104546,2019-01-25,Övrigt,Norrbottens län,"Norrbotten, Västerbotten, Västernorrland, Norrbottens län",Norrbottens län,cross_county_ambiguous,"Norrbotten, okänd kommun"
104620,2019-01-26,Övrigt,Norrbottens län,"Norrbotten, Västerbotten, Västernorrland, Norrbottens län",Norrbottens län,cross_county_ambiguous,"Norrbotten, okänd kommun"
104726,2019-01-27,Övrigt,Norrbottens län,"Norrbotten, Västerbotten, Västernorrland, Norrbottens län",Norrbottens län,cross_county_ambiguous,"Norrbotten, okänd kommun"
104834,2019-01-28,Övrigt,Norrbottens län,"Norrbotten, Västerbotten, Västernorrland, Norrbottens län",Norrbottens län,cross_county_ambiguous,"Norrbotten, okänd kommun"
105874,2019-02-04,Trafikolycka,Norrbottens län,"Norrbotten, Västerbottens Län, Norrbottens län",Norrbottens län,cross_county_ambiguous,"Norrbotten, okänd kommun"
108564,2019-02-22,Övrigt,Norrbottens län,"Norrbotten, Västerbotten, Västernorrland, Norrbottens län",Norrbottens län,cross_county_ambiguous,"Norrbotten, okänd kommun"
109408,2019-02-28,Övrigt,Norrbottens län,"Norrbotten, Västerbotten, Västernorrland, Norrbottens län",Norrbottens län,cross_county_ambiguous,"Norrbotten, okänd kommun"
109750,2019-03-03,Övrigt,Norrbottens län,"Norrbotten, Jämtland, Västerbotten, Västernorrland, Norrbottens län",Norrbottens län,cross_county_ambiguous,"Norrbotten, okänd kommun"
121352,2019-05-30,Övrigt,Norrbottens län,"Norrbotten, Jämtland, Västerbotten, Västernorrland, Norrbottens län",Norrbottens län,cross_county_ambiguous,"Norrbotten, okänd kommun"
126502,2019-07-17,Övrigt,Norrbottens län,"Norrbotten, Jämtland, Västerbotten, Västernorrland, Norrbottens län",Norrbottens län,cross_county_ambiguous,"Norrbotten, okänd kommun"
126589,2019-07-18,Övrigt,Norrbottens län,"Norrbotten, Jämtland, Västerbotten, Västernorrland, Norrbottens län",Norrbottens län,cross_county_ambiguous,"Norrbotten, okänd kommun"
126703,2019-07-19,Övrigt,Norrbottens län,"Norrbotten, Jämtland, Västerbotten, Västernorrland, Norrbottens län",Norrbottens län,cross_county_ambiguous,"Norrbotten, okänd kommun"
126801,2019-07-20,Övrigt,Norrbottens län,"Norrbotten, Västerbotten, Västernorrland, Norrbottens län",Norrbottens län,cross_county_ambiguous,"Norrbotten, okänd kommun"
126877,2019-07-21,Övrigt,Norrbottens län,"Norrbotten, Västerbotten, Västernorrland, Norrbottens län",Norrbottens län,cross_county_ambiguous,"Norrbotten, okänd kommun"
126956,2019-07-22,Övrigt,Norrbottens län,"Norrbotten, Västerbotten, Västernorrland, Norrbottens län",Norrbottens län,cross_county_ambiguous,"Norrbotten, okänd kommun"
127032,2019-07-23,Övrigt,Norrbottens län,"Norrbotten, Jämtland, Västerbotten, Västernorrland, Norrbottens län",Norrbottens län,cross_county_ambiguous,"Norrbotten, okänd kommun"
127121,2019-07-24,Övrigt,Norrbottens län,"Norrbotten, Jämtland, Västerbotten, Västernorrland, Norrbottens län",Norrbottens län,cross_county_ambiguous,"Norrbotten, okänd kommun"
127246,2019-07-25,Övrigt,Norrbottens län,"Norrbotten, Jämtland, Västerbotten, Västernorrland, Norrbottens län",Norrbottens län,cross_county_ambiguous,"Norrbotten, okänd kommun"
127365,2019-07-26,Övrigt,Norrbottens län,"Norrbotten, Jämtland, Västerbotten, Västernorrland, Norrbottens län",Norrbottens län,cross_county_ambiguous,"Norrbotten, okänd kommun"
127464,2019-07-27,Övrigt,Norrbottens län,"Norrbotten, Jämtland, Västerbotten, Västernorrland, Norrbottens län",Norrbottens län,cross_county_ambiguous,"Norrbotten, okänd kommun"
127540,2019-07-28,Övrigt,Norrbottens län,"Norrbotten, Jämtland, Västerbotten, Västernorrland, Norrbottens län",Norrbottens län,cross_county_ambiguous,"Norrbotten, okänd kommun"
127890,2019-08-01,Övrigt,Norrbottens län,"Norrbotten, Jämtland, Västerbotten, Västernorrland, Norrbottens län",Norrbottens län,cross_county_ambiguous,"Norrbotten, okänd kommun"
128003,2019-08-02,Övrigt,Norrbottens län,"Norrbotten, Jämtland, Västerbotten, Västernorrland, Norrbottens län",Norrbottens län,cross_county_ambiguous,"Norrbotten, okänd kommun"
128228,2019-08-05,Övrigt,Norrbottens län,"Norrbotten, Jämtland, Västerbotten, Västernorrland, Norrbottens län",Norrbottens län,cross_county_ambiguous,"Norrbotten, okänd kommun"
128333,2019-08-06,Övrigt,Norrbottens län,"Norrbotten, Jämtland, Västerbotten, Västernorrland, Norrbottens län",Norrbottens län,cross_county_ambiguous,"Norrbotten, okänd kommun"
128771,2019-08-09,Övrigt,Norrbottens län,"Norrbotten, Jämtland, Västerbotten, Västernorrland, Norrbottens län",Norrbottens län,cross_county_ambiguous,"Norrbotten, okänd kommun"
128840,2019-08-10,Övrigt,Norrbottens län,"Norrbotten, Västerbotten, Västernorrland, Norrbottens län",Norrbottens län,cross_county_ambiguous,"Norrbotten, okänd kommun"
130932,2019-08-28,Övrigt,Norrbottens län,"Norrbotten, Jämtland, Västerbotten, Västernorrland, Norrbottens län",Norrbottens län,cross_county_ambiguous,"Norrbotten, okänd kommun"
131552,2019-09-02,Övrigt,Norrbottens län,"Norrbotten, Jämtland, Västerbotten, Västernorrland, Norrbottens län",Norrbottens län,cross_county_ambiguous,"Norrbotten, okänd kommun"
131690,2019-09-03,Övrigt,Norrbottens län,"Norrbotten, Jämtland, Västerbotten, Västernorrland, Norrbottens län",Norrbottens län,cross_county_ambiguous,"Norrbotten, okänd kommun"
133029,2019-09-14,Övrigt,Norrbottens län,"Norrbotten, Jämtland, Västerbotten, Västernorrland, Norrbottens län",Norrbottens län,cross_county_ambiguous,"Norrbotten, okänd kommun"
133130,2019-09-15,Övrigt,Norrbottens län,"Norrbotten, Jämtland, Västerbotten, Västernorrland, Norrbottens län",Norrbottens län,cross_county_ambiguous,"Norrbotten, okänd kommun"
133877,2019-09-20,Övrigt,Norrbottens län,"Norrbotten, Jämtland, Västerbotten, Västernorrland, Norrbottens län",Norrbottens län,cross_county_ambiguous,"Norrbotten, okänd kommun"
134401,2019-09-25,Övrigt,Norrbottens län,"Norrbotten, Jämtland, Västerbotten, Västernorrland, Norrbottens län",Norrbottens län,cross_county_ambiguous,"Norrbotten, okänd kommun"
134533,2019-09-26,Övrigt,Norrbottens län,"Norrbotten, Jämtland, Västerbotten, Västernorrland, Norrbottens län",Norrbottens län,cross_county_ambiguous,"Norrbotten, okänd kommun"
135184,2019-10-01,Övrigt,Norrbottens län,"Norrbotten, Jämtland, Västerbotten, Västernorrland, Norrbottens län",Norrbottens län,cross_county_ambiguous,"Norrbotten, okänd kommun"
136399,2019-10-12,Övrigt,Norrbottens län,"Norrbotten, Jämtland, Västerbotten, Västernorrland, Norrbottens län",Norrbottens län,cross_county_ambiguous,"Norrbotten, okänd kommun"
136497,2019-10-13,Övrigt,Norrbottens län,"Norrbotten, Jämtland, Västerbotten, Västernorrland, Norrbottens län",Norrbottens län,cross_county_ambiguous,"Norrbotten, okänd kommun"
137177,2019-10-18,Övrigt,Norrbottens län,"Norrbotten, Jämtland, Västerbotten, Västernorrland, Norrbottens län",Norrbottens län,cross_county_ambiguous,"Norrbotten, okänd kommun"
137598,2019-10-22,Övrigt,Norrbottens län,"Norrbotten, Västerbotten, Västernorrland, Norrbottens län",Norrbottens län,cross_county_ambiguous,"Norrbotten, okänd kommun"
137633,2019-10-23,Övrigt,Norrbottens län,"Norrbotten, Västerbotten, Norrbottens län",Norrbottens län,cross_county_ambiguous,"Norrbotten, okänd kommun"
137900,2019-10-24,Övrigt,Norrbottens län,"Norrbotten, Jämtland, Västerbotten, Västernorrland, Norrbottens län",Norrbottens län,cross_county_ambiguous,"Norrbotten, okänd kommun"
139140,2019-11-04,Övrigt,Norrbottens län,"Norrbotten, Jämtland, Västerbotten, Västernorrland, Norrbottens län",Norrbottens län,cross_county_ambiguous,"Norrbotten, okänd kommun"
139722,2019-11-09,Övrigt,Norrbottens län,"Norrbotten, Jämtland, Västerbotten, Västernorrland, Norrbottens län",Norrbottens län,cross_county_ambiguous,"Norrbotten, okänd kommun"
139819,2019-11-10,Övrigt,Norrbottens län,"Norrbotten, Jämtland, Västerbotten, Västernorrland, Norrbottens län",Norrbottens län,cross_county_ambiguous,"Norrbotten, okänd kommun"
140499,2019-11-15,Övrigt,Norrbottens län,"Norrbotten, Jämtland, Västerbotten, Västernorrland, Norrbottens län",Norrbottens län,cross_county_ambiguous,"Norrbotten, okänd kommun"
142991,2019-12-07,Övrigt,Norrbottens län,"Norrbotten, Jämtland, Västerbotten, Västernorrland, Norrbottens län",Norrbottens län,cross_county_ambiguous,"Norrbotten, okänd kommun"
143107,2019-12-08,Övrigt,Norrbottens län,"Norrbotten, Jämtland, Västerbotten, Västernorrland, Norrbottens län",Norrbottens län,cross_county_ambiguous,"Norrbotten, okänd kommun"
143754,2019-12-13,Övrigt,Norrbottens län,"Norrbotten, Jämtland, Västerbotten, Västernorrland, Norrbottens län",Norrbottens län,cross_county_ambiguous,"Norrbotten, okänd kommun"
144522,2019-12-19,Övrigt,Norrbottens län,"Norrbotten, Jämtland, Västerbotten, Västernorrland, Norrbottens län",Norrbottens län,cross_county_ambiguous,"Norrbotten, okänd kommun"
145090,2019-12-25,Övrigt,Norrbottens län,"Norrbotten, Jämtland, Västerbotten, Västernorrland, Norrbottens län",Norrbottens län,cross_county_ambiguous,"Norrbotten, okänd kommun"
145180,2019-12-26,Övrigt,Norrbottens län,"Norrbotten, Jämtland, Västerbotten, Västernorrland, Norrbottens län",Norrbottens län,cross_county_ambiguous,"Norrbotten, okänd kommun"
145304,2019-12-27,Övrigt,Norrbottens län,"Norrbotten, Jämtland, Västerbotten, Västernorrland, Norrbottens län",Norrbottens län,cross_county_ambiguous,"Norrbotten, okänd kommun"
146114,2020-01-04,Övrigt,Norrbottens län,"Norrbotten, Jämtland, Västerbotten, Västernorrland, Norrbottens län",Norrbottens län,cross_county_ambiguous,"Norrbotten, okänd kommun"
146200,2020-01-05,Övrigt,Norrbottens län,"Norrbotten, Jämtland, Västerbotten, Västernorrland, Norrbottens län",Norrbottens län,cross_county_ambiguous,"Norrbotten, okänd kommun"
146721,2020-01-09,Övrigt,Norrbottens län,"Norrbotten, Jämtland, Västerbotten, Västernorrland, Norrbottens län",Norrbottens län,cross_county_ambiguous,"Norrbotten, okänd kommun"
146853,2020-01-10,Övrigt,Norrbottens län,"Norrbotten, Jämtland, Västerbotten, Västernorrland, Norrbottens län",Norrbottens län,cross_county_ambiguous,"Norrbotten, okänd kommun"
147428,2020-01-15,Övrigt,Norrbottens län,"Norrbotten, Jämtland, Västerbotten, Västernorrland, Norrbottens län",Norrbottens län,cross_county_ambiguous,"Norrbotten, okänd kommun"
147556,2020-01-16,Övrigt,Norrbottens län,"Norrbotten, Jämtland, Västerbotten, Västernorrland, Norrbottens län",Norrbottens län,cross_county_ambiguous,"Norrbotten, okänd kommun"
147993,2020-01-20,Övrigt,Norrbottens län,"Norrbotten, Jämtland, Västerbotten, Västernorrland, Norrbottens län",Norrbottens län,cross_county_ambiguous,"Norrbotten, okänd kommun"
149353,2020-02-01,Övrigt,Norrbottens län,"Norrbotten, Jämtland, Västerbotten, Västernorrland, Norrbottens län",Norrbottens län,cross_county_ambiguous,"Norrbotten, okänd kommun"
149452,2020-02-02,Övrigt,Norrbottens län,"Norrbotten, Jämtland, Västerbotten, Västernorrland, Norrbottens län",Norrbottens län,cross_county_ambiguous,"Norrbotten, okänd kommun"
150733,2020-02-12,Övrigt,Norrbottens län,"Norrbotten, Jämtland, Västerbotten, Västernorrland, Norrbottens län",Norrbottens län,cross_county_ambiguous,"Norrbotten, okänd kommun"
150891,2020-02-13,Övrigt,Norrbottens län,"Norrbotten, Jämtland, Västerbotten, Västernorrland, Norrbottens län",Norrbottens län,cross_county_ambiguous,"Norrbotten, okänd kommun"
151295,2020-02-17,Övrigt,Norrbottens län,"Norrbotten, Jämtland, Västerbotten, Västernorrland, Norrbottens län",Norrbottens län,cross_county_ambiguous,"Norrbotten, okänd kommun"
151605,2020-02-20,Övrigt,Norrbottens län,"Norrbotten, Jämtland, Västerbotten, Västernorrland, Norrbottens län",Norrbottens län,cross_county_ambiguous,"Norrbotten, okänd kommun"
151738,2020-02-21,Övrigt,Norrbottens län,"Norrbotten, Jämtland, Västerbotten, Västernorrland, Norrbottens län",Norrbottens län,cross_county_ambiguous,"Norrbotten, okänd kommun"
153293,2020-03-06,Övrigt,Norrbottens län,"Norrbotten, Jämtland, Västerbotten, Västernorrland, Norrbottens län",Norrbottens län,cross_county_ambiguous,"Norrbotten, okänd kommun"
153812,2020-03-11,Övrigt,Norrbottens län,"Norrbotten, Jämtland, Västerbotten, Västernorrland, Norrbottens län",Norrbottens län,cross_county_ambiguous,"Norrbotten, okänd kommun"
153941,2020-03-12,Övrigt,Norrbottens län,"Norrbotten, Jämtland, Västerbotten, Västernorrland, Norrbottens län",Norrbottens län,cross_county_ambiguous,"Norrbotten, okänd kommun"
154220,2020-03-15,Övrigt,Norrbottens län,"Norrbotten, Jämtland, Västerbotten, Västernorrland, Norrbottens län",Norrbottens län,cross_county_ambiguous,"Norrbotten, okänd kommun"
154647,2020-03-19,Övrigt,Norrbottens län,"Norrbotten, Jämtland, Västerbotten, Västernorrland, Norrbottens län",Norrbottens län,cross_county_ambiguous,"Norrbotten, okänd kommun"
155639,2020-03-28,Övrigt,Norrbottens län,"Norrbotten, Jämtland, Västerbotten, Västernorrland, Norrbottens län",Norrbottens län,cross_county_ambiguous,"Norrbotten, okänd kommun"
155726,2020-03-29,Övrigt,Norrbottens län,"Norrbotten, Jämtland, Västerbotten, Västernorrland, Norrbottens län",Norrbottens län,cross_county_ambiguous,"Norrbotten, okänd kommun"
156336,2020-04-03,Övrigt,Norrbottens län,"Norrbotten, Jämtland, Västerbotten, Västernorrland, Norrbottens län",Norrbottens län,cross_county_ambiguous,"Norrbotten, okänd kommun"
156878,2020-04-08,Övrigt,Norrbottens län,"Norrbotten, Jämtland, Västerbotten, Västernorrland, Norrbottens län",Norrbottens län,cross_county_ambiguous,"Norrbotten, okänd kommun"
157027,2020-04-09,Övrigt,Norrbottens län,"Norrbotten, Jämtland, Västerbotten, Västernorrland, Norrbottens län",Norrbottens län,cross_county_ambiguous,"Norrbotten, okänd kommun"
157292,2020-04-13,Övrigt,Norrbottens län,"Norrbotten, Jämtland, Västerbotten, Västernorrland, Norrbottens län",Norrbottens län,cross_county_ambiguous,"Norrbotten, okänd kommun"
158650,2020-04-25,Övrigt,Norrbottens län,"Norrbotten, Jämtland, Västerbotten, Västernorrland, Norrbottens län",Norrbottens län,cross_county_ambiguous,"Norrbotten, okänd kommun"
158751,2020-04-26,Övrigt,Norrbottens län,"Norrbotten, Jämtland, Västerbotten, Västernorrland, Norrbottens län",Norrbottens län,cross_county_ambiguous,"Norrbotten, okänd kommun"
159812,2020-05-06,Övrigt,Norrbottens län,"Norrbotten, Jämtland, Västerbotten, Västernorrland, Norrbottens län",Norrbottens län,cross_county_ambiguous,"Norrbotten, okänd kommun"
160176,2020-05-11,Övrigt,Norrbottens län,"Norrbotten, Jämtland, Västerbotten, Västernorrland, Norrbottens län",Norrbottens län,cross_county_ambiguous,"Norrbotten, okänd kommun"
160522,2020-05-14,Övrigt,Norrbottens län,"Norrbotten, Jämtland, Västerbotten, Västernorrland, Norrbottens län",Norrbottens län,cross_county_ambiguous,"Norrbotten, okänd kommun"
161477,2020-05-23,Övrigt,Norrbottens län,"Norrbotten, Jämtland, Västerbotten, Västernorrland, Norrbottens län",Norrbottens län,cross_county_ambiguous,"Norrbotten, okänd kommun"
161548,2020-05-24,Övrigt,Norrbottens län,"Norrbotten, Jämtland, Västerbotten, Västernorrland, Norrbottens län",Norrbottens län,cross_county_ambiguous,"Norrbotten, okänd kommun"
162185,2020-05-29,Övrigt,Norrbottens län,"Norrbotten, Jämtland, Västerbotten, Västernorrland, Norrbottens län",Norrbottens län,cross_county_ambiguous,"Norrbotten, okänd kommun"
162814,2020-06-04,Övrigt,Norrbottens län,"Norrbotten, Jämtland, Västerbotten, Västernorrland, Norrbottens län",Norrbottens län,cross_county_ambiguous,"Norrbotten, okänd kommun"
163585,2020-06-11,Övrigt,Norrbottens län,"Norrbotten, Jämtland, Västerbotten, Västernorrland, Norrbottens län",Norrbottens län,cross_county_ambiguous,"Norrbotten, okänd kommun"
163713,2020-06-12,Övrigt,Norrbottens län,"Norrbotten, Jämtland, Västerbotten, Västernorrland, Norrbottens län",Norrbottens län,cross_county_ambiguous,"Norrbotten, okänd kommun"
165944,2020-07-07,Övrigt,Norrbottens län,"Norrbotten, Västerbotten, Västernorrland, Norrbottens län",Norrbottens län,cross_county_ambiguous,"Norrbotten, okänd kommun"
167079,2020-07-21,Övrigt,Norrbottens län,"Norrbotten, Jämtland, Västerbotten, Västernorrland, Norrbottens län",Norrbottens län,cross_county_ambiguous,"Norrbotten, okänd kommun"
167489,2020-07-25,Övrigt,Norrbottens län,"Norrbotten, Jämtland, Västerbotten, Västernorrland, Norrbottens län",Norrbottens län,cross_county_ambiguous,"Norrbotten, okänd kommun"
167565,2020-07-26,Övrigt,Norrbottens län,"Norrbotten, Jämtland, Västerbotten, Västernorrland, Norrbottens län",Norrbottens län,cross_county_ambiguous,"Norrbotten, okänd kommun"
167844,2020-07-29,Övrigt,Norrbottens län,"Norrbotten, Jämtland, Västerbotten, Västernorrland, Norrbottens län",Norrbottens län,cross_county_ambiguous,"Norrbotten, okänd kommun"
167943,2020-07-30,Övrigt,Norrbottens län,"Norrbotten, Jämtland, Västerbotten, Västernorrland, Norrbottens län",Norrbottens län,cross_county_ambiguous,"Norrbotten, okänd kommun"
168063,2020-07-31,Övrigt,Norrbottens län,"Norrbotten, Jämtland, Västerbotten, Västernorrland, Norrbottens län",Norrbottens län,cross_county_ambiguous,"Norrbotten, okänd kommun"
168284,2020-08-03,Övrigt,Norrbottens län,"Norrbotten, Jämtland, Västerbotten, Västernorrland, Norrbottens län",Norrbottens län,cross_county_ambiguous,"Norrbotten, okänd kommun"
168447,2020-08-04,Övrigt,Norrbottens län,"Norrbotten, Jämtland, Västerbotten, Västernorrland, Norrbottens län",Norrbottens län,cross_county_ambiguous,"Norrbotten, okänd kommun"
168835,2020-08-08,Övrigt,Norrbottens län,"Norrbotten, Jämtland, Västerbotten, Västernorrland, Norrbottens län",Norrbottens län,cross_county_ambiguous,"Norrbotten, okänd kommun"
168926,2020-08-09,Övrigt,Norrbottens län,"Norrbotten, Jämtland, Västerbotten, Västernorrland, Norrbottens län",Norrbottens län,cross_county_ambiguous,"Norrbotten, okänd kommun"
169372,2020-08-13,Övrigt,Norrbottens län,"Norrbotten, Jämtland, Västerbotten, Västernorrland, Norrbottens län",Norrbottens län,cross_county_ambiguous,"Norrbotten, okänd kommun"
169779,2020-08-17,Övrigt,Norrbottens län,"Norrbotten, Jämtland, Västerbotten, Västernorrland, Norrbottens län",Norrbottens län,cross_county_ambiguous,"Norrbotten, okänd kommun"
170051,2020-08-19,Övrigt,Norrbottens län,"Norrbotten, Jämtland, Västerbotten, Västernorrland, Norrbottens län",Norrbottens län,cross_county_ambiguous,"Norrbotten, okänd kommun"
170390,2020-08-22,Övrigt,Norrbottens län,"Norrbotten, Jämtland, Västerbotten, Västernorrland, Norrbottens län",Norrbottens län,cross_county_ambiguous,"Norrbotten, okänd kommun"
170478,2020-08-23,Övrigt,Norrbottens län,"Norrbotten, Jämtland, Västerbotten, Västernorrland, Norrbottens län",Norrbottens län,cross_county_ambiguous,"Norrbotten, okänd kommun"
170846,2020-08-26,Övrigt,Norrbottens län,"Norrbotten, Jämtland, Västerbotten, Västernorrland, Norrbottens län",Norrbottens län,cross_county_ambiguous,"Norrbotten, okänd kommun"
170932,2020-08-27,Övrigt,Norrbottens län,"Norrbotten, Jämtland, Västerbotten, Västernorrland, Norrbottens län",Norrbottens län,cross_county_ambiguous,"Norrbotten, okänd kommun"
171339,2020-08-31,Övrigt,Norrbottens län,"Norrbotten, Jämtland, Västerbotten, Västernorrland, Norrbottens län",Norrbottens län,cross_county_ambiguous,"Norrbotten, okänd kommun"
171673,2020-09-03,Övrigt,Norrbottens län,"Norrbotten, Jämtland, Västerbotten, Västernorrland, Norrbottens län",Norrbottens län,cross_county_ambiguous,"Norrbotten, okänd kommun"
172632,2020-09-12,Övrigt,Norrbottens län,"Norrbotten, Jämtland, Västerbotten, Västernorrland, Norrbottens län",Norrbottens län,cross_county_ambiguous,"Norrbotten, okänd kommun"
172705,2020-09-13,Övrigt,Norrbottens län,"Norrbotten, Jämtland, Västerbotten, Västernorrland, Norrbottens län",Norrbottens län,cross_county_ambiguous,"Norrbotten, okänd kommun"
173553,2020-09-21,Övrigt,Norrbottens län,"Norrbotten, Jämtland, Västerbotten, Västernorrland, Norrbottens län",Norrbottens län,cross_county_ambiguous,"Norrbotten, okänd kommun"
173821,2020-09-23,Övrigt,Norrbottens län,"Norrbotten, Jämtland, Västerbotten, Västernorrland, Norrbottens län",Norrbottens län,cross_county_ambiguous,"Norrbotten, okänd kommun"
173951,2020-09-24,Övrigt,Norrbottens län,"Norrbotten, Jämtland, Västerbotten, Västernorrland, Norrbottens län",Norrbottens län,cross_county_ambiguous,"Norrbotten, okänd kommun"
174321,2020-09-28,Övrigt,Norrbottens län,"Norrbotten, Jämtland, Västerbotten, Västernorrland, Norrbottens län",Norrbottens län,cross_county_ambiguous,"Norrbotten, okänd kommun"
175497,2020-10-10,Övrigt,Norrbottens län,"Norrbotten, Jämtland, Västerbotten, Västernorrland, Norrbottens län",Norrbottens län,cross_county_ambiguous,"Norrbotten, okänd kommun"
175577,2020-10-11,Övrigt,Norrbottens län,"Norrbotten, Jämtland, Västerbotten, Västernorrland, Norrbottens län",Norrbottens län,cross_county_ambiguous,"Norrbotten, okänd kommun"
175909,2020-10-14,Övrigt,Norrbottens län,"Norrbotten, Jämtland, Västerbotten, Västernorrland, Norrbottens län",Norrbottens län,cross_county_ambiguous,"Norrbotten, okänd kommun"
176197,2020-10-16,Övrigt,Norrbottens län,"Norrbotten, Jämtland, Västerbotten, Västernorrland, Norrbottens län",Norrbottens län,cross_county_ambiguous,"Norrbotten, okänd kommun"
176739,2020-10-21,Övrigt,Norrbottens län,"Norrbotten, Jämtland, Västerbotten, Västernorrland, Norrbottens län",Norrbottens län,cross_county_ambiguous,"Norrbotten, okänd kommun"
176872,2020-10-22,Övrigt,Norrbottens län,"Norrbotten, Jämtland, Västerbotten, Västernorrland, Norrbottens län",Norrbottens län,cross_county_ambiguous,"Norrbotten, okänd kommun"
178045,2020-11-02,Övrigt,Norrbottens län,"Norrbotten, Jämtland, Västerbotten, Västernorrland, Norrbottens län",Norrbottens län,cross_county_ambiguous,"Norrbotten, okänd kommun"
178645,2020-11-07,Övrigt,Norrbottens län,"Norrbotten, Jämtland, Västerbotten, Västernorrland, Norrbottens län",Norrbottens län,cross_county_ambiguous,"Norrbotten, okänd kommun"
178711,2020-11-08,Övrigt,Norrbottens län,"Norrbotten, Jämtland, Västerbotten, Västernorrland, Norrbottens län",Norrbottens län,cross_county_ambiguous,"Norrbotten, okänd kommun"
179296,2020-11-13,Övrigt,Norrbottens län,"Norrbotten, Jämtland, Västerbotten, Västernorrland, Norrbottens län",Norrbottens län,cross_county_ambiguous,"Norrbotten, okänd kommun"
179864,2020-11-19,Övrigt,Norrbottens län,"Norrbotten, Jämtland, Västerbotten, Västernorrland, Norrbottens län",Norrbottens län,cross_county_ambiguous,"Norrbotten, okänd kommun"
180256,2020-11-23,Övrigt,Norrbottens län,"Norrbotten, Jämtland, Västerbotten, Västernorrland, Norrbottens län",Norrbottens län,cross_county_ambiguous,"Norrbotten, okänd kommun"
180384,2020-11-24,Övrigt,Norrbottens län,"Norrbotten, Jämtland, Västerbotten, Västernorrland, Norrbottens län",Norrbottens län,cross_county_ambiguous,"Norrbotten, okänd kommun"
182252,2020-12-11,Övrigt,Norrbottens län,"Norrbotten, Jämtland, Västerbotten, Västernorrland, Norrbottens län",Norrbottens län,cross_county_ambiguous,"Norrbotten, okänd kommun"
182875,2020-12-17,Övrigt,Norrbottens län,"Norrbotten, Jämtland, Västerbotten, Västernorrland, Norrbottens län",Norrbottens län,cross_county_ambiguous,"Norrbotten, okänd kommun"
183948,2020-12-28,Övrigt,Norrbottens län,"Norrbotten, Jämtland, Västerbotten, Västernorrland, Norrbottens län",Norrbottens län,cross_county_ambiguous,"Norrbotten, okänd kommun"
184049,2020-12-29,Övrigt,Norrbottens län,"Norrbotten, Jämtland, Västerbotten, Västernorrland, Norrbottens län",Norrbottens län,cross_county_ambiguous,"Norrbotten, okänd kommun"
184310,2021-01-01,Övrigt,Norrbottens län,"Norrbotten, Jämtland, Västerbotten, Västernorrland, Norrbottens län",Norrbottens län,cross_county_ambiguous,"Norrbotten, okänd kommun"
184553,2021-01-04,Övrigt,Norrbottens län,"Norrbotten, Jämtland, Västerbotten, Västernorrland, Norrbottens län",Norrbottens län,cross_county_ambiguous,"Norrbotten, okänd kommun"
186298,2021-01-20,Övrigt,Norrbottens län,"Jämtland, Norrbotten, Västerbotten, Västernorrland, Norrbottens län",Norrbottens län,cross_county_ambiguous,"Norrbotten, okänd kommun"
188749,2021-02-13,Övrigt,Norrbottens län,"Jämtland, Norrbotten, Västerbotten, Västernorrland, Norrbottens län",Norrbottens län,cross_county_ambiguous,"Norrbotten, okänd kommun"
188822,2021-02-14,Övrigt,Norrbottens län,"Jämtland, Norrbotten, Västerbotten, Västernorrland, Norrbottens län",Norrbottens län,cross_county_ambiguous,"Norrbotten, okänd kommun"
189434,2021-02-19,Övrigt,Norrbottens län,"Jämtland, Norrbotten, Västerbotten, Västernorrland, Norrbottens län",Norrbottens län,cross_county_ambiguous,"Norrbotten, okänd kommun"
189979,2021-02-24,Övrigt,Norrbottens län,"Jämtland, Norrbotten, Västerbotten, Västernorrland, Norrbottens län",Norrbottens län,cross_county_ambiguous,"Norrbotten, okänd kommun"
190749,2021-03-03,Övrigt,Norrbottens län,"Jämtland, Norrbotten, Västerbotten, Västernorrland, Norrbottens län",Norrbottens län,cross_county_ambiguous,"Norrbotten, okänd kommun"
190870,2021-03-04,Övrigt,Norrbottens län,"Jämtland, Norrbotten, Västerbotten, Västernorrland, Norrbottens län",Norrbottens län,cross_county_ambiguous,"Norrbotten, okänd kommun"
191037,2021-03-06,Övrigt,Norrbottens län,"Jämtland, Norrbotten, Västerbotten, Västernorrland, Norrbottens län",Norrbottens län,cross_county_ambiguous,"Norrbotten, okänd kommun"
192201,2021-03-17,Övrigt,Norrbottens län,"Jämtland, Norrbotten, Västerbotten, Västernorrland, Norrbottens län",Norrbottens län,cross_county_ambiguous,"Norrbotten, okänd kommun"
192301,2021-03-18,Övrigt,Norrbottens län,"Jämtland, Norrbotten, Västerbotten, Västernorrland, Norrbottens län",Norrbottens län,cross_county_ambiguous,"Norrbotten, okänd kommun"
192422,2021-03-19,Övrigt,Norrbottens län,"Jämtland, Norrbotten, Västerbotten, Västernorrland, Norrbottens län",Norrbottens län,cross_county_ambiguous,"Norrbotten, okänd kommun"
192483,2021-03-20,Övrigt,Norrbottens län,"Jämtland, Norrbotten, Västerbotten, Västernorrland, Norrbottens län",Norrbottens län,cross_county_ambiguous,"Norrbotten, okänd kommun"
192562,2021-03-21,Övrigt,Norrbottens län,"Jämtland, Norrbotten, Västerbotten, Västernorrland, Norrbottens län",Norrbottens län,cross_county_ambiguous,"Norrbotten, okänd kommun"
192657,2021-03-22,Övrigt,Norrbottens län,"Jämtland, Norrbotten, Västerbotten, Västernorrland, Norrbottens län",Norrbottens län,cross_county_ambiguous,"Norrbotten, okänd kommun"
192761,2021-03-23,Övrigt,Norrbottens län,"Jämtland, Norrbotten, Västerbotten, Västernorrland, Norrbottens län",Norrbottens län,cross_county_ambiguous,"Norrbotten, okänd kommun"
192895,2021-03-24,Övrigt,Norrbottens län,"Jämtland, Norrbotten, Västerbotten, Västernorrland, Norrbottens län",Norrbottens län,cross_county_ambiguous,"Norrbotten, okänd kommun"
199227,2021-05-21,Övrigt,Norrbottens län,"Jämtland, Norrbotten, Västerbotten, Västernorrland, Norrbottens län",Norrbottens län,cross_county_ambiguous,"Norrbotten, okänd kommun"
199744,2021-05-26,Övrigt,Norrbottens län,"Jämtland, Norrbotten, Västerbotten, Västernorrland, Norrbottens län",Norrbottens län,cross_county_ambiguous,"Norrbotten, okänd kommun"
200256,2021-05-31,Övrigt,Norrbottens län,"Jämtland, Norrbotten, Västerbotten, Västernorrland, Norrbottens län",Norrbottens län,cross_county_ambiguous,"Norrbotten, okänd kommun"
200382,2021-06-01,Övrigt,Norrbottens län,"Jämtland, Norrbotten, Västerbotten, Västernorrland, Norrbottens län",Norrbottens län,cross_county_ambiguous,"Norrbotten, okänd kommun"
204858,2021-07-13,Övrigt,Norrbottens län,"Jämtland, Norrbotten, Västerbotten, Västernorrland, Norrbottens län",Norrbottens län,cross_county_ambiguous,"Norrbotten, okänd kommun"
247340,2022-10-12,Bedrägeri,Norrbottens län,"Norrbotten, Västerbotten, Norrbottens län",Norrbottens län,cross_county_ambiguous,"Norrbotten, okänd kommun"
