type_original,proposed_group,event_count,comment
"Anträffat gods","Anträffat/upphittat gods",31,"Närliggande fynd-/godshändelser."
"Upphittat föremål","Anträffat/upphittat gods",1,"Närliggande fynd-/godshändelser."
"Djur skadat/omhändertaget","Djurrelaterat",65,"Djurhändelser och omhändertaganden."
"Djur","Djurrelaterat",57,"Djurhändelser och omhändertaganden."
"Lagen om hundar och katter","Djurrelaterat",2,"Djurhändelser och omhändertaganden."
"Fylleri/LOB","Fylleri/LOB",690,"Samma ordnings-/omhändertagandetyp i praktiken."
"Fylleri","Fylleri/LOB",33,"Samma ordnings-/omhändertagandetyp i praktiken."
"Misshandel","Misshandel",471,"Grov misshandel är en underkategori av misshandel."
"Misshandel,  grov","Misshandel",52,"Grov misshandel är en underkategori av misshandel."
"Mord/dråp,  försök","Mord/dråp",44,"Fullbordat/försök till samma huvudkategori."
"Mord/dråp","Mord/dråp",41,"Fullbordat/försök till samma huvudkategori."
"Motorfordon,  anträffat stulet","Motorfordonsstöld",153,"Stöld/anträffat stulet motorfordon hör nära ihop men kan hållas separat från övrig stöld."
"Motorfordon,  stöld","Motorfordonsstöld",102,"Stöld/anträffat stulet motorfordon hör nära ihop men kan hållas separat från övrig stöld."
"Olaga frihetsberövande/människorov","Olaga frihetsberövande",7,"Samma huvudkategori, olika namnvariant."
"Olaga frihetsberövande","Olaga frihetsberövande",1,"Samma huvudkategori, olika namnvariant."
"Olaga intrång","Olaga intrång/hemfridsbrott",32,"Överlappande intrångs-/hemfridskategorier."
"Olaga intrång/hemfridsbrott","Olaga intrång/hemfridsbrott",11,"Överlappande intrångs-/hemfridskategorier."
"Hemfridsbrott","Olaga intrång/hemfridsbrott",9,"Överlappande intrångs-/hemfridskategorier."
"Rån","Rån",54,"Olika rånvarianter och försök."
"Rån övrigt","Rån",19,"Olika rånvarianter och försök."
"Rån väpnat","Rån",6,"Olika rånvarianter och försök."
"Rån,  försök","Rån",5,"Olika rånvarianter och försök."
"Sammanfattning natt","Sammanfattning",3487,"Samma typ av sammanfattningspost, endast tidsspann skiljer."
"Sammanfattning kväll","Sammanfattning",190,"Samma typ av sammanfattningspost, endast tidsspann skiljer."
"Sammanfattning förmiddag","Sammanfattning",135,"Samma typ av sammanfattningspost, endast tidsspann skiljer."
"Sammanfattning kväll och natt","Sammanfattning",135,"Samma typ av sammanfattningspost, endast tidsspann skiljer."
"Sammanfattning eftermiddag","Sammanfattning",50,"Samma typ av sammanfattningspost, endast tidsspann skiljer."
"Sammanfattning dag","Sammanfattning",47,"Samma typ av sammanfattningspost, endast tidsspann skiljer."
"Sammanfattning helg","Sammanfattning",6,"Samma typ av sammanfattningspost, endast tidsspann skiljer."
"Sammanfattning vecka","Sammanfattning",3,"Samma typ av sammanfattningspost, endast tidsspann skiljer."
"Sammanfattning dygn","Sammanfattning",2,"Samma typ av sammanfattningspost, endast tidsspann skiljer."
"Våldtäkt","Sexualbrott",26,"Våldtäkt och övriga sexualbrott; kan vara för grovt om detaljer ska bevaras."
"Sedlighetsbrott","Sexualbrott",10,"Våldtäkt och övriga sexualbrott; kan vara för grovt om detaljer ska bevaras."
"Våldtäkt,  försök","Sexualbrott",8,"Våldtäkt och övriga sexualbrott; kan vara för grovt om detaljer ska bevaras."
"Sexualbrott","Sexualbrott",2,"Våldtäkt och övriga sexualbrott; kan vara för grovt om detaljer ska bevaras."
"Detonation","Skottlossning/explosion",5,"Explosions-/skottrelaterade larm; heterogen grupp, bör användas försiktigt."
"Skottlossning","Skottlossning/explosion",2,"Explosions-/skottrelaterade larm; heterogen grupp, bör användas försiktigt."
"Skottlossning,  misstänkt","Skottlossning/explosion",1,"Explosions-/skottrelaterade larm; heterogen grupp, bör användas försiktigt."
"Explosion","Skottlossning/explosion",1,"Explosions-/skottrelaterade larm; heterogen grupp, bör användas försiktigt."
"Smällar","Skottlossning/explosion",1,"Explosions-/skottrelaterade larm; heterogen grupp, bör användas försiktigt."
"Stöld","Stöld/inbrott",1337,"Närliggande tillgrepps-/inbrottshändelser; ringa/försök är underformer."
"Stöld/inbrott","Stöld/inbrott",508,"Närliggande tillgrepps-/inbrottshändelser; ringa/försök är underformer."
"Inbrott","Stöld/inbrott",184,"Närliggande tillgrepps-/inbrottshändelser; ringa/försök är underformer."
"Stöld,  ringa","Stöld/inbrott",70,"Närliggande tillgrepps-/inbrottshändelser; ringa/försök är underformer."
"Stöld,  försök","Stöld/inbrott",39,"Närliggande tillgrepps-/inbrottshändelser; ringa/försök är underformer."
"Snatteri","Stöld/inbrott",15,"Närliggande tillgrepps-/inbrottshändelser; ringa/försök är underformer."
"Inbrott,  försök","Stöld/inbrott",13,"Närliggande tillgrepps-/inbrottshändelser; ringa/försök är underformer."
"Trafikhinder","Trafikhinder",154,"Endast skillnad i versalisering."
"trafikhinder","Trafikhinder",1,"Endast skillnad i versalisering."
"Trafikolycka","Trafikolycka",2649,"Samma huvudfenomen; undertyp kan behållas separat vid behov."
"Trafikolycka,  vilt","Trafikolycka",1608,"Samma huvudfenomen; undertyp kan behållas separat vid behov."
"Trafikolycka,  singel","Trafikolycka",254,"Samma huvudfenomen; undertyp kan behållas separat vid behov."
"Trafikolycka,  personskada","Trafikolycka",218,"Samma huvudfenomen; undertyp kan behållas separat vid behov."
"Trafikolycka,  smitning från","Trafikolycka",78,"Samma huvudfenomen; undertyp kan behållas separat vid behov."
