event_id,date,type_original,headline,geography_group
849,2016-10-19,Övrigt,Det finns inga akuta händelser att rapportera om i länet just nu.,"Norrbotten, okänd kommun"
1007,2016-10-21,Övrigt,Lugn morgon i länet. Inget att rapportera.,"Norrbotten, okänd kommun"
2550,2016-11-02,Övrigt,"Norrbotten, en fortsatt bra dag. Inga akuta händelser att rapportera om","Norrbotten, okänd kommun"
3174,2016-11-07,Övrigt,Lugn eftermiddag i länet. Inget att rapportera.,"Norrbotten, okänd kommun"
5557,2016-11-26,Övrigt,Förtydligande av bemanning kommunikatör i RLC,"Norrbotten, okänd kommun"
14835,2017-02-01,Övrigt,"Lugnt i länet för närvarande, inget särskilt att rapportera.","Norrbotten, okänd kommun"
23430,2017-04-04,Tillfälligt obemannat,Ledningscentralen är ikväll ej bemannad med någon presstalesman. Frågor besvaras om möjligt av RLC-befälen som arbetar under kvällen.,"Norrbotten, okänd kommun"
25363,2017-04-20,Tillfälligt obemannat,Inga kommunikatörer i tjänst under kvällen,"Norrbotten, okänd kommun"
28524,2017-05-16,Tillfälligt obemannat,Mediecentret obemannat under kvällen-natten.,"Norrbotten, okänd kommun"
29635,2017-05-26,Övrigt,Inga akuta händelser i länet under morgonen,"Norrbotten, okänd kommun"
33337,2017-06-27,Tillfälligt obemannat,Ledningscentralen är under kvällen och natten ej bemannad med någon kommunikatör. Uppdateringar på hemsidan och mediasamtal hanteras i mån av tid av tjänstgörande RLC-befäl.,"Norrbotten, okänd kommun"
34625,2017-07-09,Tillfälligt obemannat,RLC är under kvällen ej bemannad med någon media kommunikatör. Samtal från media besvaras i mån av tid av RLC-befälen.,"Norrbotten, okänd kommun"
34715,2017-07-10,Tillfälligt obemannat,RLC är under kvällen ej bemannad med någon mediakommunikatör. Samtal från media besvaras i mån av tid av RLC-befälen.,"Norrbotten, okänd kommun"
35505,2017-07-17,Tillfälligt obemannat,Ingen mediakommunikatör i tjänst under kvällen,"Norrbotten, okänd kommun"
35630,2017-07-18,Tillfälligt obemannat,Ingen mediakommunikatör,"Norrbotten, okänd kommun"
35986,2017-07-21,Övrigt,Under kvällen/natten kommer vi inte ha någon kommunikatör på plats vilket gör att vi kommer ha begränsad möjlighet att svara på mediafrågor.,"Norrbotten, okänd kommun"
37107,2017-08-02,Tillfälligt obemannat,"Norrbotten, ingen kommunikatör i tjänst 15:00-07:00","Norrbotten, okänd kommun"
37330,2017-08-04,Tillfälligt obemannat,"Norrbotten, ingen RLC-kommunikatör i tjänst kl 15:00-07:00","Norrbotten, okänd kommun"
37458,2017-08-05,Tillfälligt obemannat,Ingen presskommunikatör i tjänst 22:00-07:00.,"Norrbotten, okänd kommun"
37525,2017-08-06,Tillfälligt obemannat,"Norrbotten, ingen kommunikatör i tjänst 15:00- måndag 07:00.","Norrbotten, okänd kommun"
39329,2017-08-24,Tillfälligt obemannat,RLC är under kvällen ej bemannad med någon mediakommunikatör.,"Norrbotten, okänd kommun"
40203,2017-09-01,Övrigt,En lugn avslutning på natten,"Norrbotten, okänd kommun"
44078,2017-10-04,Tillfälligt obemannat,Ledningscentralen är under dagen ej bemannad med någon presstalesman. Hemsidan samt telefonsamtal hanteras i mån av tid av tjänstgörande RLC-befäl på 010-56 94028,"Norrbotten, okänd kommun"
44212,2017-10-05,Tillfälligt obemannat,Ledningscentralen är under dagen ej bemannad med någon presstalesman. Hemsidan samt telefonsamtal hanteras i mån av tid av tjänstgörande RLC-befäl på 010-56 94028.,"Norrbotten, okänd kommun"
45572,2017-10-16,Tillfälligt obemannat,Ledningscentralen är under kvällen ej bemannad med någon mediakommunikatör.,"Norrbotten, okänd kommun"
49059,2017-11-14,Övrigt,Ingen kommunikatör i tjänst 22 - 07,"Norrbotten, okänd kommun"
49138,2017-11-15,Övrigt,Ingen kommunikatör i tjänst 13 - 07,"Norrbotten, okänd kommun"
49298,2017-11-16,Övrigt,Ingen kommunikatör i tjänst 15 - 07,"Norrbotten, okänd kommun"
49486,2017-11-17,Övrigt,"Norrbotten, ingen kommunikatör i tjänst under natten.","Norrbotten, okänd kommun"
49551,2017-11-18,Tillfälligt obemannat,Ingen kommunikatör i tjänst.,"Norrbotten, okänd kommun"
49642,2017-11-19,Tillfälligt obemannat,Ingen kommunikatör i tjänst.,"Norrbotten, okänd kommun"
49796,2017-11-20,Övrigt,Ingen kommunikatör i tjänst.,"Norrbotten, okänd kommun"
49959,2017-11-21,Övrigt,Ingen kommunikatör i tjänst.,"Norrbotten, okänd kommun"
50099,2017-11-22,Övrigt,"Norrbotten, ingen kommunikatör i tjänst under kvällen och natten.","Norrbotten, okänd kommun"
50326,2017-11-23,Tillfälligt obemannat,Ingen kommunikatör i tjänst.,"Norrbotten, okänd kommun"
50503,2017-11-24,Tillfälligt obemannat,Ingen kommunikatör i tjänst.,"Norrbotten, okänd kommun"
50570,2017-11-25,Tillfälligt obemannat,Ingen kommunikatör i tjänst 15 - 07,"Norrbotten, okänd kommun"
50673,2017-11-26,Tillfälligt obemannat,Ingen kommunikatör i tjänst 15 - 07,"Norrbotten, okänd kommun"
50894,2017-11-27,Tillfälligt obemannat,Ingen kommunikatör i tjänst.,"Norrbotten, okänd kommun"
51093,2017-11-28,Tillfälligt obemannat,Ingen kommunikatör i tjänst.,"Norrbotten, okänd kommun"
51204,2017-11-29,Tillfälligt obemannat,Ingen kommunikatör i tjänst.,"Norrbotten, okänd kommun"
51356,2017-11-30,Tillfälligt obemannat,Ingen kommunikatör i tjänst.,"Norrbotten, okänd kommun"
51484,2017-12-01,Övrigt,"Norrbotten, ingen kommunikatör i tjänst under eftermiddag och kväll.","Norrbotten, okänd kommun"
51569,2017-12-02,Övrigt,"Norrbotten, ingen kommunikatör i tjänst under eftermiddag och kväll.","Norrbotten, okänd kommun"
51661,2017-12-03,Övrigt,"Norrbotten, ingen kommunikatör i tjänst under eftermiddag och kväll.","Norrbotten, okänd kommun"
51890,2017-12-04,Tillfälligt obemannat,Ingen kommunikatör i tjänst.,"Norrbotten, okänd kommun"
51990,2017-12-05,Övrigt,"Norrbotten, ingen kommunikatör i tjänst kommande dygn","Norrbotten, okänd kommun"
52352,2017-12-07,Tillfälligt obemannat,Ingen kommunikatör i tjänst 22 - 07,"Norrbotten, okänd kommun"
52494,2017-12-08,Tillfälligt obemannat,Ingen kommunikatör i tjänst 22 - 07.,"Norrbotten, okänd kommun"
52582,2017-12-09,Övrigt,"Norrbotten, ingen kommunikatör i tjänst under kvällen och natten.","Norrbotten, okänd kommun"
52729,2017-12-10,Övrigt,"Norrbotten, ingen kommunikatör i tjänst under eftermiddag, kväll","Norrbotten, okänd kommun"
52933,2017-12-11,Övrigt,Ingen kommunikatör i tjänst under natten 22 - 07,"Norrbotten, okänd kommun"
53123,2017-12-12,Övrigt,Ingen kommunikatör i tjänst under natten 22 - 07,"Norrbotten, okänd kommun"
53254,2017-12-13,Övrigt,Ingen kommunikatör i tjänst 22 - 07.,"Norrbotten, okänd kommun"
53456,2017-12-14,Övrigt,"Norrbotten, ingen kommunikatör i tjänst under natten","Norrbotten, okänd kommun"
53615,2017-12-15,Övrigt,"Norrbotten, ingen kommunikatör i tjänst under natten","Norrbotten, okänd kommun"
53694,2017-12-16,Tillfälligt obemannat,Ingen kommunikatör i tjänst.,"Norrbotten, okänd kommun"
53780,2017-12-17,Tillfälligt obemannat,Ingen kommunikatör i tjänst.,"Norrbotten, okänd kommun"
53936,2017-12-18,Övrigt,Ingen kommunikatör i tjänst 22 - 07.,"Norrbotten, okänd kommun"
54112,2017-12-19,Övrigt,Ingen kommunikatör i tjänst 22 - 07.,"Norrbotten, okänd kommun"
54287,2017-12-20,Övrigt,"Norrbotten, ingen kommunikatör i tjänst under natten","Norrbotten, okänd kommun"
54439,2017-12-21,Övrigt,"Norrbotten, ingen kommunikatör i tjänst under natten.","Norrbotten, okänd kommun"
54586,2017-12-22,Tillfälligt obemannat,Ingen kommunikatör i tjänst.,"Norrbotten, okänd kommun"
54542,2017-12-23,Övrigt,Ingen kommunikatör i tjänst 15 - 07,"Norrbotten, okänd kommun"
54675,2017-12-24,Övrigt,Ingen kommunikatör i tjänst,"Norrbotten, okänd kommun"
54783,2017-12-25,Övrigt,"Norrbotten, ingen kommunikatör i tjänst under natten","Norrbotten, okänd kommun"
54891,2017-12-26,Övrigt,"Norrbotten, ingen kommunikatör i tjänst under natten.","Norrbotten, okänd kommun"
55047,2017-12-27,Tillfälligt obemannat,Ingen kommunikatör i tjänst.,"Norrbotten, okänd kommun"
55207,2017-12-28,Tillfälligt obemannat,Ingen kommunikatör i tjänst.,"Norrbotten, okänd kommun"
55353,2017-12-29,Övrigt,Ingen kommunikatör i tjänst 22 - 07,"Norrbotten, okänd kommun"
55423,2017-12-30,Övrigt,Ingen kommunikatör i tjänst.,"Norrbotten, okänd kommun"
55512,2017-12-31,Övrigt,Ingen kommunikatör i tjänst.,"Norrbotten, okänd kommun"
55637,2018-01-01,Övrigt,"Norrbotten, ingen kommunikatör i tjänst","Norrbotten, okänd kommun"
55836,2018-01-02,Tillfälligt obemannat,Ingen kommunikatör i tjänst.,"Norrbotten, okänd kommun"
55978,2018-01-03,Tillfälligt obemannat,Ingen kommunikatör i tjänst.,"Norrbotten, okänd kommun"
56136,2018-01-04,Tillfälligt obemannat,Ingen kommunikatör i tjänst.,"Norrbotten, okänd kommun"
56226,2018-01-05,Tillfälligt obemannat,Ingen kommunikatör i tjänst.,"Norrbotten, okänd kommun"
56338,2018-01-06,Övrigt,"Norrbotten, ingen kommunikatör i tjänst","Norrbotten, okänd kommun"
56429,2018-01-07,Övrigt,"Norrbotten, ingen kommunikatör i tjänst under kvällen och natten","Norrbotten, okänd kommun"
56563,2018-01-08,Övrigt,Ingen kommunikatör i tjänst 22 - 07,"Norrbotten, okänd kommun"
56689,2018-01-09,Övrigt,Ingen kommunikatör i tjänst 19:30 - 07,"Norrbotten, okänd kommun"
56780,2018-01-10,Övrigt,"Norrbotten, ingen kommunikatör i tjänst","Norrbotten, okänd kommun"
56902,2018-01-11,Övrigt,"Norrbotten, ingen kommunikatör i tjänst under kvällen","Norrbotten, okänd kommun"
57038,2018-01-12,Övrigt,"Norrbotten, ingen kommunikatör i tjänst under natten","Norrbotten, okänd kommun"
57088,2018-01-13,Övrigt,"Norrbotten, ingen kommunikatör i tjänst under kvällen/natten","Norrbotten, okänd kommun"
57155,2018-01-14,Övrigt,Ingen kommunikatör i tjänst.,"Norrbotten, okänd kommun"
57387,2018-01-16,Tillfälligt obemannat,Ingen kommunikatör i tjänst.,"Norrbotten, okänd kommun"
57583,2018-01-17,Övrigt,"Norrbotten, ingen kommunikatör i tjänst under natten","Norrbotten, okänd kommun"
57734,2018-01-18,Övrigt,"Norrbotten, ingen kommunikatör i tjänst under natten","Norrbotten, okänd kommun"
57860,2018-01-19,Övrigt,Ingen kommunikatör i tjänst.,"Norrbotten, okänd kommun"
57916,2018-01-20,Övrigt,Ingen kommunikatör i tjänst under kvällen och natten,"Norrbotten, okänd kommun"
58165,2018-01-22,Övrigt,"Norrbotten, ingen kommunikatör i tjänst under natten","Norrbotten, okänd kommun"
58320,2018-01-23,Övrigt,"Norrbotten, ingen kommunikatör i tjänst under natten","Norrbotten, okänd kommun"
58767,2018-01-28,Övrigt,Ingen kommunikatör i tjänst.,"Norrbotten, okänd kommun"
58937,2018-01-29,Övrigt,Ingen kommunikatör i tjänst.,"Norrbotten, okänd kommun"
59074,2018-01-30,Övrigt,Ingen kommunikatör i tjänst,"Norrbotten, okänd kommun"
59186,2018-01-31,Övrigt,Ingen kommunikatör i tjänst,"Norrbotten, okänd kommun"
59274,2018-02-01,Övrigt,"Ingen kommunikatör på plats, åter vid 15-tiden.","Norrbotten, okänd kommun"
59355,2018-02-01,Övrigt,Ingen kommunikatör i tjänst under natten,"Norrbotten, okänd kommun"
59515,2018-02-02,Övrigt,Ingen kommunikatör i tjänst under natten.,"Norrbotten, okänd kommun"
59586,2018-02-03,Övrigt,"Norrbotten, ingen kommunikatör i tjänst under eftermiddagen, natten","Norrbotten, okänd kommun"
59677,2018-02-04,Övrigt,"Norrbotten, ingen kommunikatör i tjänst under kvällen, natten","Norrbotten, okänd kommun"
59846,2018-02-05,Övrigt,Ingen kommunikatör i tjänst,"Norrbotten, okänd kommun"
59937,2018-02-06,Tillfälligt obemannat,Ingen mediakommunikatör i tjänst,"Norrbotten, okänd kommun"
60062,2018-02-07,Övrigt,Ingen kommunikatör i tjänst under kvällen och natten,"Norrbotten, okänd kommun"
60214,2018-02-08,Övrigt,Ingen kommunikatör i tjänst under kvällen och natten,"Norrbotten, okänd kommun"
60412,2018-02-09,Övrigt,"Norrbotten, ingen kommunikatör i tjänst under natten","Norrbotten, okänd kommun"
60474,2018-02-10,Övrigt,Ingen kommunikatör i tjänst,"Norrbotten, okänd kommun"
60563,2018-02-11,Övrigt,Ingen kommunikatör i tjänst,"Norrbotten, okänd kommun"
60673,2018-02-12,Övrigt,Ingen kommunikatör i tjänst under kvällen och natten,"Norrbotten, okänd kommun"
60828,2018-02-13,Övrigt,Ingen kommunikatör i tjänst under kvällen och natten,"Norrbotten, okänd kommun"
60925,2018-02-14,Övrigt,Ingen kommunikatör i tjänst under kvällen och natten.,"Norrbotten, okänd kommun"
60937,2018-02-14,Tillfälligt obemannat,Ingen mediakommunikatör i tjänst under kvällen /natten,"Norrbotten, okänd kommun"
61050,2018-02-15,Övrigt,"Norrbotten, ingen kommunikatör i tjänst under kvällen, natten","Norrbotten, okänd kommun"
61277,2018-02-16,Övrigt,Ingen kommunikatör i tjänst,"Norrbotten, okänd kommun"
61342,2018-02-17,Övrigt,Ingen kommunikatör i tjänst under kvällen eller natten,"Norrbotten, okänd kommun"
61554,2018-02-19,Övrigt,Ingen kommunikatör i tjänst under kvällen/natten.,"Norrbotten, okänd kommun"
62301,2018-02-20,Övrigt,Ingen kommunikatör i tjänst under kvällen/natten.,"Norrbotten, okänd kommun"
61736,2018-02-20,Övrigt,Ingen kommunikatör i tjänst under kvällen/natten.,"Norrbotten, okänd kommun"
62103,2018-02-21,Övrigt,Ingen kommunikatör i tjänst,"Norrbotten, okänd kommun"
61922,2018-02-21,Övrigt,Ingen kommunikatör i tjänst,"Norrbotten, okänd kommun"
61982,2018-02-22,Övrigt,Ingen kommunikatör i tjänst,"Norrbotten, okänd kommun"
62526,2018-02-23,Övrigt,Ingen kommunikatör i tjänst under sen kväll och natt,"Norrbotten, okänd kommun"
62674,2018-02-24,Övrigt,Ingen kommunikatör i tjänst under kvällen och natten.,"Norrbotten, okänd kommun"
62827,2018-02-25,Övrigt,Ingen kommunikatör i tjänst under kvällen/natten.,"Norrbotten, okänd kommun"
63046,2018-02-26,Övrigt,Ingen kommunikatör i tjänst,"Norrbotten, okänd kommun"
63308,2018-02-27,Övrigt,Ingen kommunikatör i tjänst,"Norrbotten, okänd kommun"
63453,2018-02-28,Övrigt,Ingen kommunikatör i tjänst under kvällen eller natten,"Norrbotten, okänd kommun"
63738,2018-03-01,Övrigt,Ingen kommunikatör i tjänst under natten,"Norrbotten, okänd kommun"
63898,2018-03-02,Övrigt,Ingen kommunikatör i tjänst under natten.,"Norrbotten, okänd kommun"
63984,2018-03-03,Övrigt,"Norrbotten, ingen kommunikatör i tjänst under eftermiddagen/natten","Norrbotten, okänd kommun"
64093,2018-03-04,Övrigt,"Norrbotten, ingen kommunikatör i tjänst under kvällen/natten","Norrbotten, okänd kommun"
64320,2018-03-05,Övrigt,Ingen kommunikatör i tjänst under natten,"Norrbotten, okänd kommun"
64457,2018-03-06,Övrigt,Ingen kommunikatör i tjänst under natten,"Norrbotten, okänd kommun"
64541,2018-03-07,Övrigt,Ingen kommunikatör i tjänst under kvällen och natten,"Norrbotten, okänd kommun"
64665,2018-03-08,Övrigt,Ingen kommunikatör i tjänst under kvällen eller natten,"Norrbotten, okänd kommun"
64851,2018-03-09,Övrigt,"Norrbotten, ingen kommunikatör i tjänst under natten","Norrbotten, okänd kommun"
64908,2018-03-10,Övrigt,Ingen kommunikatör i tjänst,"Norrbotten, okänd kommun"
64976,2018-03-11,Övrigt,Ingen kommunikatör i tjänst,"Norrbotten, okänd kommun"
65129,2018-03-12,Övrigt,Ingen kommunikatör i tjänst.,"Norrbotten, okänd kommun"
65271,2018-03-13,Övrigt,Ingen kommunikatör i tjänst.,"Norrbotten, okänd kommun"
65406,2018-03-14,Övrigt,"Norrbotten, ingen kommunikatör i tjänst under natten","Norrbotten, okänd kommun"
65538,2018-03-15,Övrigt,"Norrbotten, ingen kommunikatör i tjänst under natten","Norrbotten, okänd kommun"
65694,2018-03-16,Övrigt,Ingen kommunikatör i tjänst.,"Norrbotten, okänd kommun"
65754,2018-03-17,Övrigt,Ingen kommunikatör i tjänst under kvällen och natten,"Norrbotten, okänd kommun"
66181,2018-03-21,Övrigt,Ingen kommunikatör i tjänst,"Norrbotten, okänd kommun"
66314,2018-03-22,Övrigt,Ingen kommunikatör i tjänst,"Norrbotten, okänd kommun"
66460,2018-03-23,Övrigt,Ingen kommunikatör i tjänst under natten,"Norrbotten, okänd kommun"
66545,2018-03-24,Övrigt,Ingen kommunikatör i tjänst.,"Norrbotten, okänd kommun"
66628,2018-03-25,Övrigt,Ingen kommunikatör i tjänst.,"Norrbotten, okänd kommun"
66787,2018-03-26,Övrigt,Ingen kommunikatör i tjänst,"Norrbotten, okänd kommun"
66951,2018-03-27,Övrigt,Ingen kommunikatör i tjänst,"Norrbotten, okänd kommun"
67030,2018-03-28,Övrigt,Ingen kommunikatör i tjänst.,"Norrbotten, okänd kommun"
67354,2018-03-30,Övrigt,Ingen kommunikatör i tjänst,"Norrbotten, okänd kommun"
67362,2018-03-30,Tillfälligt obemannat,Ingen mediakommunikatör i tjänst under kvällen/natten,"Norrbotten, okänd kommun"
67456,2018-03-31,Övrigt,"Norrbotten, ingen kommunikatör i tjänst under kvällen/natten","Norrbotten, okänd kommun"
67546,2018-04-01,Övrigt,"Norrbotten, ingen kommunikatör i tjänst under kvällen/natten","Norrbotten, okänd kommun"
67627,2018-04-02,Övrigt,Ingen kommunikatör i tjänst,"Norrbotten, okänd kommun"
67850,2018-04-04,Övrigt,"Norrbotten, ingen kommunikatör i tjänst under kvällen/natten","Norrbotten, okänd kommun"
68012,2018-04-05,Övrigt,Ingen kommunikatör i tjänst under natten.,"Norrbotten, okänd kommun"
68127,2018-04-06,Övrigt,"Norrbotten, ingen kommunikatör i tjänst under natten","Norrbotten, okänd kommun"
68211,2018-04-07,Övrigt,Ingen kommunikatör i tjänst under kvällen och natten,"Norrbotten, okänd kommun"
68304,2018-04-08,Övrigt,Ingen kommunikatör i tjänst under kvällen och natten.,"Norrbotten, okänd kommun"
68391,2018-04-09,Övrigt,Ingen kommunikatör i tjänst under kvällen och natten,"Norrbotten, okänd kommun"
68530,2018-04-10,Övrigt,Ingen kommunikatör i tjänst under kvällen och natten,"Norrbotten, okänd kommun"
68702,2018-04-11,Övrigt,"Norrbotten, ingen kommunikatör i tjänst under natten","Norrbotten, okänd kommun"
68792,2018-04-12,Övrigt,Ingen kommunikatör i tjänst under kvällen och natten,"Norrbotten, okänd kommun"
68957,2018-04-13,Övrigt,Ingen kommunikatör i tjänst under natten,"Norrbotten, okänd kommun"
69040,2018-04-14,Övrigt,"Ingen kommunikatör i tjänst under eftermiddag, kväll och natt","Norrbotten, okänd kommun"
69216,2018-04-16,Övrigt,"Norrbotten, ingen kommunikatör på plats under kvällen/natten","Norrbotten, okänd kommun"
69365,2018-04-17,Övrigt,Ingen kommunikatör i tjänst under kvällen och natten,"Norrbotten, okänd kommun"
69488,2018-04-18,Övrigt,Ingen kommunikatör i tjänst under kvällen och natten.,"Norrbotten, okänd kommun"
69636,2018-04-19,Övrigt,Ingen kommunikatör i tjänst under natten,"Norrbotten, okänd kommun"
69744,2018-04-20,Övrigt,Ingen kommunikatör i tjänst under natten,"Norrbotten, okänd kommun"
69816,2018-04-21,Övrigt,Ingen kommunikatör i tjänst under kvällen/natten.,"Norrbotten, okänd kommun"
69887,2018-04-22,Övrigt,Ingen kommunikatör i tjänst under kvällen/natten.,"Norrbotten, okänd kommun"
70028,2018-04-23,Övrigt,Ingen kommunikatör i tjänst under natten,"Norrbotten, okänd kommun"
70163,2018-04-24,Övrigt,Ingen kommunikatör i tjänst under natten,"Norrbotten, okänd kommun"
70560,2018-04-28,Övrigt,"Norrbotten, ingen kommunikatör i tjänst under kvällen/natten","Norrbotten, okänd kommun"
70828,2018-05-01,Övrigt,Ingen kommunikatör i tjänst,Bodens kommun
70933,2018-05-02,Övrigt,"Norrbotten, ingen kommunikatör i tjänst under kvällen","Norrbotten, okänd kommun"
71044,2018-05-03,Övrigt,Ingen kommunikatör i tjänst under kvällen och natten,"Norrbotten, okänd kommun"
71209,2018-05-04,Övrigt,"Norrbotten, ingen kommunikatör i tjänst under natten","Norrbotten, okänd kommun"
71276,2018-05-05,Övrigt,Ingen kommunikatör i tjänst under kvällen och natten,"Norrbotten, okänd kommun"
71379,2018-05-06,Övrigt,Ingen kommunikatör i tjänst under kvällen och natten,"Norrbotten, okänd kommun"
71529,2018-05-07,Övrigt,Ingen kommunikatör i tjänst under kvällen/natten.,"Norrbotten, okänd kommun"
71605,2018-05-08,Övrigt,ingen kommunikatör i tjänst under kvällen eller natten,"Norrbotten, okänd kommun"
71796,2018-05-09,Övrigt,"Norrbotten, ingen kommunikatör i tjänst under natten","Norrbotten, okänd kommun"
71865,2018-05-10,Övrigt,Ingen kommunikatör i tjänst under kvällen och natten,"Norrbotten, okänd kommun"
71990,2018-05-11,Övrigt,Ingen kommunikatör i tjänst,"Norrbotten, okänd kommun"
72055,2018-05-12,Övrigt,Ingen kommunikatör i tjänst under kvällen/natten.,"Norrbotten, okänd kommun"
72139,2018-05-13,Övrigt,Ingen kommunikatör i tjänst under kvällen/natten.,"Norrbotten, okänd kommun"
72305,2018-05-14,Övrigt,"Norrbotten, ingen kommunikatör i tjänst under natten","Norrbotten, okänd kommun"
72474,2018-05-15,Övrigt,Ingen kommunikatör i tjänst,"Norrbotten, okänd kommun"
72611,2018-05-16,Övrigt,Ingen kommunikatör i tjänst,"Norrbotten, okänd kommun"
72759,2018-05-17,Övrigt,Ingen kommunikatör i tjänst,"Norrbotten, okänd kommun"
72890,2018-05-18,Övrigt,Ingen kommunikatör i tjänst under natten,"Norrbotten, okänd kommun"
72964,2018-05-19,Övrigt,Ingen kommunikatör i tjänst under eftermiddag och natt,"Norrbotten, okänd kommun"
73027,2018-05-20,Övrigt,Ingen kommunikatör under kvällen och natten,"Norrbotten, okänd kommun"
73137,2018-05-21,Övrigt,Ingen kommunikatör i tjänst under kvällen och natten,"Norrbotten, okänd kommun"
73289,2018-05-22,Övrigt,"Ingen kommunikatör i tjänst under kvällen, natten och hela onsdagen","Norrbotten, okänd kommun"
73547,2018-05-24,Övrigt,Ingen kommunikatör i tjänst under kvällen och natten,"Norrbotten, okänd kommun"
73730,2018-05-25,Övrigt,Ingen kommunikatör i tjänst under natten.,"Norrbotten, okänd kommun"
73819,2018-05-26,Övrigt,"Norrbotten, ingen kommunikatör i tjänst under kvällen/natten","Norrbotten, okänd kommun"
73925,2018-05-27,Övrigt,"Norrbotten, ingen kommunikatör i tjänst under kväll/natt","Norrbotten, okänd kommun"
74013,2018-05-28,Övrigt,Ingen kommunikatör i tjänst under kvällen/natten.,"Norrbotten, okänd kommun"
74149,2018-05-29,Övrigt,Ingen kommunikatör i tjänst under kvällen/natten.,"Norrbotten, okänd kommun"
74345,2018-05-30,Övrigt,Ingen kommunikatör i tjänst under natten.,"Norrbotten, okänd kommun"
74511,2018-05-31,Övrigt,Ingen kommunikatör i tjänst under natten.,"Norrbotten, okänd kommun"
74639,2018-06-01,Övrigt,"Norrbotten, ingen kommunikatör i tjänst under natten","Norrbotten, okänd kommun"
74714,2018-06-02,Övrigt,Ingen kommunikatör i tjänst under kvällen och natten,"Norrbotten, okänd kommun"
74787,2018-06-03,Övrigt,Ingen kommunikatör i tjänst under kvällen och natten,"Norrbotten, okänd kommun"
74933,2018-06-04,Övrigt,Ingen kommunikatör i tjänst under natten.,"Norrbotten, okänd kommun"
75076,2018-06-05,Övrigt,Ingen kommunikatör i tjänst under natten.,"Norrbotten, okänd kommun"
75169,2018-06-06,Övrigt,Ingen kommunikatör i tjänst under kvällen och natten,"Norrbotten, okänd kommun"
75341,2018-06-07,Övrigt,"Norrbotten, ingen kommunikatör i tjänst under natten","Norrbotten, okänd kommun"
75497,2018-06-08,Övrigt,Ingen kommunikatör i tjänst under natten,"Norrbotten, okänd kommun"
75564,2018-06-09,Övrigt,Ingen kommunikatör i tjänst under kvällen/natten.,"Norrbotten, okänd kommun"
75658,2018-06-10,Övrigt,Ingen kommunikatör i tjänst under kvällen/natten.,"Norrbotten, okänd kommun"
75802,2018-06-11,Övrigt,"Norrbotten, ingen kommunikatör i tjänst under natten","Norrbotten, okänd kommun"
75939,2018-06-12,Övrigt,"Norrbotten, ingen kommunikatör i tjänst under natten","Norrbotten, okänd kommun"
76075,2018-06-13,Övrigt,Ingen kommunikatör i tjänst under natten,"Norrbotten, okänd kommun"
76193,2018-06-14,Övrigt,Ingen kommunikatör i tjänst under natten,"Norrbotten, okänd kommun"
76259,2018-06-15,Övrigt,"Norrbotten, ingen kommunikatör i tjänst under eftermiddagen/kvällen","Norrbotten, okänd kommun"
76357,2018-06-16,Övrigt,Ingen kommunikatör i tjänst under kvällen och natten,"Norrbotten, okänd kommun"
76420,2018-06-17,Övrigt,Ingen kommunikatör i tjänst under kvällen och natten,"Norrbotten, okänd kommun"
76506,2018-06-18,Övrigt,"Norrbotten, ingen kommunikatör i tjänst under eftermiddagen/kvällen","Norrbotten, okänd kommun"
76634,2018-06-19,Övrigt,"Norrbotten, ingen kommunikatör i tjänst under eftermiddagen/kvällen","Norrbotten, okänd kommun"
76761,2018-06-20,Övrigt,Ingen kommunikatör i tjänst under kvällen och natten,"Norrbotten, okänd kommun"
76871,2018-06-21,Övrigt,Ingen kommunikatör i tjänst under kvällen eller natten,"Norrbotten, okänd kommun"
76979,2018-06-22,Övrigt,Ingen kommunikatör i tjänst under kvällen eller natten,"Norrbotten, okänd kommun"
77062,2018-06-23,Övrigt,"Norrbotten, ingen kommunikatör i tjänst under eftermiddagen/kvällen","Norrbotten, okänd kommun"
77155,2018-06-24,Övrigt,"Norrbotten, ingen kommunikatör i tjänst under eftermiddagen och kvällen","Norrbotten, okänd kommun"
77257,2018-06-25,Övrigt,"Norrbotten, ingen kommunikatör i tjänst under eftermiddagen och kvällen.","Norrbotten, okänd kommun"
77342,2018-06-26,Övrigt,"Norrbotten, ingen kommunikatör i tjänst under eftermiddagen/kvällen","Norrbotten, okänd kommun"
77445,2018-06-27,Övrigt,"Norrbotten, ingen kommunikatör i tjänst under eftermiddagen/kvällen","Norrbotten, okänd kommun"
77633,2018-06-29,Övrigt,Ingen kommunikatör i tjänst under kvällen eller natten,"Norrbotten, okänd kommun"
77760,2018-07-01,Övrigt,Ingen kommunikatör i tjänst under kvällen eller natten.,"Norrbotten, okänd kommun"
77830,2018-07-02,Övrigt,"Norrbotten, ingen kommunikatör i tjänst under eftermiddagen/kvällen","Norrbotten, okänd kommun"
77932,2018-07-03,Övrigt,"Norrbotten, ingen kommunikatör i tjänst under eftermiddagen och kvällen","Norrbotten, okänd kommun"
78036,2018-07-04,Övrigt,"Norrbotten, ingen kommunikatör i tjänst under eftermiddagen och kvällen","Norrbotten, okänd kommun"
78121,2018-07-05,Övrigt,"Norrbotten, ingen kommunikatör i tjänst under eftermiddagen och kvällen","Norrbotten, okänd kommun"
78246,2018-07-06,Övrigt,"Norrbotten, ingen kommunikatör i tjänst under eftermiddag och kvällen","Norrbotten, okänd kommun"
78339,2018-07-07,Övrigt,Ingen kommunikatör i tjänst under kvällen och natten,"Norrbotten, okänd kommun"
78496,2018-07-09,Övrigt,"Norrbotten, ingen kommunikatör i tjänst under eftermiddagen och kvällen","Norrbotten, okänd kommun"
78618,2018-07-10,Övrigt,"Norrbotten, ingen kommunikatör i tjänst under eftermiddagen och kvällen","Norrbotten, okänd kommun"
78737,2018-07-11,Övrigt,"Norrbotten, ingen kommunikatör i tjänst under eftermiddagen och kvällen","Norrbotten, okänd kommun"
78843,2018-07-12,Övrigt,Ingen kommunikatör i tjänst under kvällen eller natten,"Norrbotten, okänd kommun"
78975,2018-07-13,Övrigt,Ingen kommunikatör i tjänst under kvällen och natten,"Norrbotten, okänd kommun"
79059,2018-07-14,Övrigt,Ingen kommunikatör i tjänst under kvällen/natten.,"Norrbotten, okänd kommun"
79132,2018-07-15,Övrigt,Ingen kommunikatör i tjänst under kvällen/natten.,"Norrbotten, okänd kommun"
79217,2018-07-16,Övrigt,Ingen kommunikatör i tjänst under kvällen och natten.,"Norrbotten, okänd kommun"
79315,2018-07-17,Övrigt,Ingen kommunikatör i tjänst under kvällen och natten,"Norrbotten, okänd kommun"
79428,2018-07-18,Övrigt,Ingen kommunikatör i tjänst under kvällen/natten.,"Norrbotten, okänd kommun"
79548,2018-07-19,Övrigt,Ingen kommunikatör i tjänst under kvällen/natten.,"Norrbotten, okänd kommun"
79645,2018-07-20,Övrigt,Ingen kommunikatör i tjänst under kvällen/natten.,"Norrbotten, okänd kommun"
79726,2018-07-21,Övrigt,Ingen kommunikatör i tjänst,"Norrbotten, okänd kommun"
79792,2018-07-22,Övrigt,Ingen kommunikatör i tjänst under kvällen/natten.,"Norrbotten, okänd kommun"
79902,2018-07-23,Övrigt,Ingen kommunikatör i tjänst under kvällen och natten.,"Norrbotten, okänd kommun"
80008,2018-07-24,Övrigt,Ingen kommunikatör i tjänst under kvällen och natten.,"Norrbotten, okänd kommun"
80110,2018-07-25,Övrigt,Ingen kommunikatör i tjänst under kvällen/natten.,"Norrbotten, okänd kommun"
80252,2018-07-26,Övrigt,Ingen kommunikatör i tjänst under kvällen/natten.,"Norrbotten, okänd kommun"
80558,2018-07-29,Övrigt,Ingen kommunikatör i tjänst under kvällen och natten.,"Norrbotten, okänd kommun"
80647,2018-07-30,Övrigt,Ingen kommunikatör i tjänst under kvällen och natten.,"Norrbotten, okänd kommun"
80771,2018-07-31,Övrigt,Ingen kommunikatör i tjänst under kvällen och natten.,"Norrbotten, okänd kommun"
80880,2018-08-01,Övrigt,Ingen kommunikatör i tjänst under kvällen/natten.,"Norrbotten, okänd kommun"
81027,2018-08-02,Övrigt,Ingen kommunikatör i tjänst under kvällen/natten.,"Norrbotten, okänd kommun"
81166,2018-08-03,Övrigt,Ingen kommunikatör i tjänst under kvällen och natten.,"Norrbotten, okänd kommun"
81277,2018-08-04,Övrigt,Ingen kommunikatör i tjänst under kvällen och natten.,"Norrbotten, okänd kommun"
81353,2018-08-05,Övrigt,Ingen kommunikatör i tjänst under kvällen/natten.,"Norrbotten, okänd kommun"
81438,2018-08-06,Övrigt,Ingen kommunikatör i tjänst under kvällen och natten.,"Norrbotten, okänd kommun"
81554,2018-08-07,Övrigt,Ingen kommunikatör i tjänst under kvällen och natten.,"Norrbotten, okänd kommun"
81690,2018-08-08,Övrigt,Ingen kommunikatör i tjänst under kvällen och natten.,"Norrbotten, okänd kommun"
81819,2018-08-09,Övrigt,Ingen kommunikatör i tjänst under kvällen och natten.,"Norrbotten, okänd kommun"
81955,2018-08-10,Övrigt,Ingen kommunikatör i tjänst under kvällen och natten.,"Norrbotten, okänd kommun"
82015,2018-08-11,Övrigt,Ingen kommunikatör i tjänst under kvällen/natten.,"Norrbotten, okänd kommun"
82090,2018-08-12,Övrigt,Ingen kommunikatör i tjänst under kvällen/natten.,"Norrbotten, okänd kommun"
82185,2018-08-13,Övrigt,Ingen kommunikatör i tjänst under kvällen och natten.,"Norrbotten, okänd kommun"
82301,2018-08-14,Övrigt,Ingen kommunikatör i tjänst under kvällen och natten.,"Norrbotten, okänd kommun"
82417,2018-08-15,Övrigt,Ingen kommunikatör i tjänst under kvällen/natten.,"Norrbotten, okänd kommun"
82516,2018-08-16,Övrigt,Ingen kommunikatör i tjänst under kvällen/natten.,"Norrbotten, okänd kommun"
82671,2018-08-17,Övrigt,Ingen kommunikatör i tjänst under natten.,"Norrbotten, okänd kommun"
82742,2018-08-18,Övrigt,Ingen kommunikatör i tjänst under kvällen och natten.,"Norrbotten, okänd kommun"
82830,2018-08-19,Övrigt,Ingen kommunikatör i tjänst under kvällen och natten.,"Norrbotten, okänd kommun"
83259,2018-08-22,Övrigt,Ingen kommunikatör i tjänst under natten.,"Norrbotten, okänd kommun"
83520,2018-08-24,Övrigt,"Norrbotten, ingen kommunikatör i tjänst under natten","Norrbotten, okänd kommun"
83599,2018-08-25,Övrigt,"Norrbotten, ingen kommunikatör i tjänst","Norrbotten, okänd kommun"
83692,2018-08-26,Övrigt,"Norrbotten, ingen kommunikatör i tjänst","Norrbotten, okänd kommun"
83858,2018-08-27,Övrigt,Ingen kommunikatör i tjänst under natten.,"Norrbotten, okänd kommun"
83998,2018-08-28,Övrigt,Ingen kommunikatör i tjänst under natten.,"Norrbotten, okänd kommun"
84089,2018-08-29,Övrigt,"Norrbotten, ingen kommunikatör i tjänst","Norrbotten, okänd kommun"
84276,2018-08-30,Övrigt,"Norrbotten, ingen kommunikatör i tjänst under natten","Norrbotten, okänd kommun"
84386,2018-08-31,Övrigt,Ingen kommunikatör i tjänst under natten.,"Norrbotten, okänd kommun"
84703,2018-09-03,Övrigt,"Norrbotten, ingen kommunikatör i tjänst under natten","Norrbotten, okänd kommun"
84809,2018-09-04,Övrigt,Ingen kommunikatör i tjänst under kvällen/natten.,"Norrbotten, okänd kommun"
84957,2018-09-05,Övrigt,Ingen kommunikatör i tjänst under kvällen och natten.,"Norrbotten, okänd kommun"
85146,2018-09-06,Övrigt,Ingen kommunikatör i tjänst under natten.,"Norrbotten, okänd kommun"
85230,2018-09-07,Övrigt,"Norrbotten, ingen kommunikatör i tjänst","Norrbotten, okänd kommun"
85365,2018-09-08,Övrigt,Ingen kommunikatör i tjänst under kvällen/natten.,"Norrbotten, okänd kommun"
85477,2018-09-09,Övrigt,Ingen kommunikatör i tjänst under kvällen/natten.,"Norrbotten, okänd kommun"
85664,2018-09-10,Övrigt,Ingen kommunikatör i tjänst under natten.,"Norrbotten, okänd kommun"
85810,2018-09-11,Övrigt,Ingen kommunikatör i tjänst under natten.,"Norrbotten, okänd kommun"
85892,2018-09-12,Övrigt,Ingen kommunikatör i tjänst under kvällen/natten.,"Norrbotten, okänd kommun"
86033,2018-09-13,Övrigt,Ingen kommunikatör i tjänst under kvällen/natten.,"Norrbotten, okänd kommun"
86193,2018-09-14,Övrigt,Ingen kommunikatör i tjänst under natten.,"Norrbotten, okänd kommun"
86293,2018-09-15,Övrigt,"Norrbotten, ingen kommunikatör i tjänst","Norrbotten, okänd kommun"
86397,2018-09-16,Övrigt,"Norrbotten, ingen kommunikatör i tjänst","Norrbotten, okänd kommun"
86511,2018-09-17,Övrigt,Ingen kommunikatör i tjänst under kvällen och natten.,"Norrbotten, okänd kommun"
86566,2018-09-18,Övrigt,Lugnt i Länet,"Norrbotten, okänd kommun"
86646,2018-09-18,Övrigt,Ingen kommunikatör i tjänst under kvällen och natten.,"Norrbotten, okänd kommun"
86689,2018-09-18,Övrigt,Lugnt i länet,"Norrbotten, okänd kommun"
86773,2018-09-19,Övrigt,Ingen kommunikatör i tjänst under kvällen och natten.,"Norrbotten, okänd kommun"
86900,2018-09-20,Övrigt,"Norrbotten, ingen kommunikatör i tjänst","Norrbotten, okänd kommun"
87111,2018-09-21,Övrigt,"Norrbotten, ingen kommunikatör i tjänst under natten","Norrbotten, okänd kommun"
87188,2018-09-22,Övrigt,Ingen kommunikatör i tjänst under kvällen och natten.,"Norrbotten, okänd kommun"
87294,2018-09-23,Övrigt,Ingen kommunikatör i tjänst under kvällen och natten.,"Norrbotten, okänd kommun"
87399,2018-09-24,Övrigt,"Norrbotten, ingen kommunikatör i tjänst","Norrbotten, okänd kommun"
87831,2018-09-28,Övrigt,Ingen kommunikatör i tjänst under natten.,"Norrbotten, okänd kommun"
88003,2018-09-30,Övrigt,Ingen kommunikatör i tjänst under kvällen och natten,"Norrbotten, okänd kommun"
88187,2018-10-01,Övrigt,Ingen kommunikatör i tjänst under natten.,"Norrbotten, okänd kommun"
88330,2018-10-02,Övrigt,Ingen kommunikatör i tjänst under natten.,"Norrbotten, okänd kommun"
88415,2018-10-03,Övrigt,Ingen kommunikatör i tjänst under kvällen och natten.,"Norrbotten, okänd kommun"
88783,2018-10-05,Övrigt,Ingen kommunikatör i tjänst under natten.,"Norrbotten, okänd kommun"
88863,2018-10-06,Övrigt,Ingen kommunikatör i tjänst under kvällen/natten.,"Norrbotten, okänd kommun"
88966,2018-10-07,Övrigt,Ingen kommunikatör i tjänst under kvällen/natten.,"Norrbotten, okänd kommun"
89160,2018-10-08,Övrigt,Ingen kommunikatör i tjänst under natten.,"Norrbotten, okänd kommun"
89316,2018-10-09,Övrigt,Ingen kommunikatör i tjänst under natten.,"Norrbotten, okänd kommun"
89601,2018-10-11,Övrigt,Ingen kommunikatör i tjänst under natten.,"Norrbotten, okänd kommun"
89750,2018-10-12,Övrigt,Ingen kommunikatör i tjänst under natten.,"Norrbotten, okänd kommun"
89858,2018-10-13,Övrigt,"Norrbotten, ingen kommunikatör i tjänst","Norrbotten, okänd kommun"
89964,2018-10-14,Övrigt,"Norrbotten, ingen kommunikatör i tjänst","Norrbotten, okänd kommun"
90155,2018-10-15,Övrigt,Ingen kommunikatör i tjänst under natten.,"Norrbotten, okänd kommun"
90301,2018-10-16,Övrigt,Ingen kommunikatör i tjänst under natten.,"Norrbotten, okänd kommun"
90306,2018-10-16,Övrigt,Ingen kommunikatör i tjänst under natten.,Övriga Sverige
90428,2018-10-17,Övrigt,Ingen kommunikatör i tjänst under kvällen och natten.,Norrbotten / Övriga Sverige
90431,2018-10-17,Övrigt,Ingen kommunikatör i tjänst under kvällen och natten.,Övriga Sverige
90430,2018-10-17,Övrigt,Ingen kommunikatör i tjänst under kvällen och natten.,Övriga Sverige
90606,2018-10-18,Övrigt,"Norrbotten, ingen kommunikatör i tjänst","Norrbotten, okänd kommun"
90747,2018-10-19,Övrigt,"Norrbotten, ingen kommunikatör i tjänst under natten","Norrbotten, okänd kommun"
90814,2018-10-20,Övrigt,Ingen kommunikatör i tjänst under kvällen och natten.,"Norrbotten, okänd kommun"
90902,2018-10-21,Övrigt,Ingen kommunikatör i tjänst under kvällen och natten.,"Norrbotten, okänd kommun"
91250,2018-10-23,Övrigt,Ingen kommunikatör i tjänst under natten.,Norrbotten / Övriga Sverige
91248,2018-10-23,Övrigt,Ingen kommunikatör i tjänst under natten.,Övriga Sverige
91247,2018-10-23,Övrigt,Ingen kommunikatör i tjänst under natten.,Övriga Sverige
91387,2018-10-24,Övrigt,"Norrbotten, ingen kommunikatör i tjänst under natten","Norrbotten, okänd kommun"
91559,2018-10-25,Övrigt,"Norrbotten, ingen kommunikatör i tjänst","Norrbotten, okänd kommun"
91720,2018-10-26,Övrigt,Ingen kommunikatör i tjänst under natten.,"Norrbotten, okänd kommun"
91848,2018-10-27,Övrigt,Ingen kommunikatör i tjänst under kvällen och natten.,Norrbotten / Övriga Sverige
91846,2018-10-27,Övrigt,Ingen kommunikatör i tjänst under kvällen och natten.,Övriga Sverige
91845,2018-10-27,Övrigt,Ingen kommunikatör i tjänst under kvällen och natten.,Övriga Sverige
91945,2018-10-28,Övrigt,Ingen kommunikatör i tjänst under kvällen och natten.,Norrbotten / Övriga Sverige
91942,2018-10-28,Övrigt,Ingen kommunikatör i tjänst under kvällen och natten.,Övriga Sverige
91941,2018-10-28,Övrigt,Ingen kommunikatör i tjänst under kvällen och natten.,Övriga Sverige
92135,2018-10-29,Övrigt,"Norrbotten, ingen kommunikatör i tjänst under natten","Norrbotten, okänd kommun"
92297,2018-10-30,Övrigt,"Norrbotten, ingen kommunikatör i tjänst under natten","Norrbotten, okänd kommun"
92474,2018-10-31,Övrigt,Ingen kommunikatör i tjänst under natten.,Norrbotten / Övriga Sverige
92472,2018-10-31,Övrigt,Ingen kommunikatör i tjänst under natten.,Övriga Sverige
92471,2018-10-31,Övrigt,Ingen kommunikatör i tjänst under natten.,Övriga Sverige
92671,2018-11-01,Övrigt,Ingen kommunikatör i tjänst under natten.,Norrbotten / Övriga Sverige
92669,2018-11-01,Övrigt,Ingen kommunikatör i tjänst under natten.,Övriga Sverige
92668,2018-11-01,Övrigt,Ingen kommunikatör i tjänst under natten.,Övriga Sverige
92828,2018-11-02,Övrigt,Ingen kommunikatör i tjänst under natten.,Norrbotten / Övriga Sverige
92826,2018-11-02,Övrigt,Ingen kommunikatör i tjänst under natten.,Övriga Sverige
92825,2018-11-02,Övrigt,Ingen kommunikatör i tjänst under natten.,Övriga Sverige
92917,2018-11-03,Övrigt,Ingen kommunikatör i tjänst under kvällen/natten.,Övriga Sverige
92916,2018-11-03,Övrigt,Ingen kommunikatör i tjänst under kvällen/natten,Övriga Sverige
92914,2018-11-03,Övrigt,Ingen kommunikatör i tjänst under kvällen/natten.,Norrbotten / Övriga Sverige
93027,2018-11-04,Övrigt,Ingen kommunikatör i tjänst under kvällen/natten.,Övriga Sverige
93026,2018-11-04,Övrigt,Ingen kommunikatör i tjänst under kvällen/natten.,Övriga Sverige
93024,2018-11-04,Övrigt,Ingen kommunikatör i tjänst under kvällen/natten.,Norrbotten / Övriga Sverige
93201,2018-11-05,Övrigt,"Norrbotten, ingen kommunikatör i tjänst","Norrbotten, okänd kommun"
93385,2018-11-06,Övrigt,"Norrbotten, ingen kommunikatör i tjänst under natten","Norrbotten, okänd kommun"
93551,2018-11-07,Övrigt,Ingen kommunikatör i tjänst under natten. Obs! Gäller i kväll från klockan 21.00.,Norrbotten / Övriga Sverige
93550,2018-11-07,Övrigt,Ingen kommunikatör i tjänst under natten. Obs! Gäller i kväll från klockan 21.00.,Övriga Sverige
93549,2018-11-07,Övrigt,Ingen kommunikatör i tjänst under natten. Obs! Gäller i kväll från klockan 21.00.,Övriga Sverige
93548,2018-11-07,Övrigt,Ingen kommunikatör i tjänst under natten. Obs! Gäller i kväll från klockan 21.00.,Övriga Sverige
93733,2018-11-08,Övrigt,Ingen kommunikatör i tjänst under natten.,Norrbotten / Övriga Sverige
93732,2018-11-08,Övrigt,Ingen kommunikatör i tjänst under natten.,Övriga Sverige
93731,2018-11-08,Övrigt,Ingen kommunikatör i tjänst under natten.,Övriga Sverige
93730,2018-11-08,Övrigt,Ingen kommunikatör i tjänst under natten.,Övriga Sverige
93891,2018-11-09,Övrigt,Ingen kommunikatör i tjänst under natten.,Norrbotten / Övriga Sverige
93890,2018-11-09,Övrigt,Ingen kommunikatör i tjänst under natten.,Övriga Sverige
93889,2018-11-09,Övrigt,Ingen kommunikatör i tjänst under natten.,Övriga Sverige
93888,2018-11-09,Övrigt,Ingen kommunikatör i tjänst under natten.,Övriga Sverige
93977,2018-11-10,Övrigt,"Norrbotten, ingen kommunikatör i tjänst","Norrbotten, okänd kommun"
94075,2018-11-11,Övrigt,"Norrbotten, ingen kommunikatör i tjänst","Norrbotten, okänd kommun"
94253,2018-11-12,Övrigt,Ingen kommunikatör i tjänst under natten.,Norrbotten / Övriga Sverige
94252,2018-11-12,Övrigt,Ingen kommunikatör i tjänst under natten.,Övriga Sverige
94251,2018-11-12,Övrigt,Ingen kommunikatör i tjänst under natten.,Övriga Sverige
94250,2018-11-12,Övrigt,Ingen kommunikatör i tjänst under natten.,Övriga Sverige
94413,2018-11-13,Övrigt,Ingen kommunikatör i tjänst. Dessutom så påverkar en uppgradering av polisens telefonväxel medias telefonnummer till ledningscentralen.,Norrbotten / Övriga Sverige
94412,2018-11-13,Övrigt,Ingen kommunikatör i tjänst. Dessutom så påverkar en uppgradering av polisens telefonväxel medias telefonnummer till ledningscentralen.,Övriga Sverige
94416,2018-11-13,Övrigt,Ingen kommunikatör i tjänst. Dessutom så påverkar en uppgradering av polisens telefonväxel medias telefonnummer till ledningscentralen.,Övriga Sverige
94415,2018-11-13,Övrigt,Ingen kommunikatör i tjänst. Dessutom så påverkar en uppgradering av polisens telefonväxel medias telefonnummer till ledningscentralen.,Övriga Sverige
94553,2018-11-14,Övrigt,Ingen kommunikatör i tjänst under natten.,Övriga Sverige
94562,2018-11-14,Övrigt,Ingen kommunikatör i tjänst under natten.,Övriga Sverige
94561,2018-11-14,Övrigt,Ingen kommunikatör i tjänst under natten.,Övriga Sverige
94560,2018-11-14,Övrigt,Ingen kommunikatör i tjänst under natten.,Norrbotten / Övriga Sverige
94692,2018-11-15,Övrigt,Ingen kommunikatör i tjänst under natten.,Norrbotten / Övriga Sverige
94691,2018-11-15,Övrigt,Ingen kommunikatör i tjänst under natten.,Övriga Sverige
94690,2018-11-15,Övrigt,Ingen kommunikatör i tjänst under natten.,Övriga Sverige
94689,2018-11-15,Övrigt,Ingen kommunikatör i tjänst under natten.,Övriga Sverige
94864,2018-11-16,Övrigt,"Norrbotten, ingen kommunikatör i tjänst under natten","Norrbotten, okänd kommun"
94984,2018-11-17,Övrigt,Ingen kommunikatör i tjänst under kvällen och natten.,"Norrbotten, okänd kommun"
95103,2018-11-18,Övrigt,Ingen kommunikatör i tjänst under kvällen och natten.,"Norrbotten, okänd kommun"
95304,2018-11-19,Övrigt,Ingen kommunikatör i tjänst under natten.,Norrbotten / Övriga Sverige
95303,2018-11-19,Övrigt,Ingen kommunikatör i tjänst under natten.,Övriga Sverige
95302,2018-11-19,Övrigt,Ingen kommunikatör i tjänst under natten.,Övriga Sverige
95301,2018-11-19,Övrigt,Ingen kommunikatör i tjänst under natten.,Övriga Sverige
95457,2018-11-20,Övrigt,Ingen kommunikatör i tjänst under natten.,Övriga Sverige
95456,2018-11-20,Övrigt,Ingen kommunikatör i tjänst under natten.,Övriga Sverige
95455,2018-11-20,Övrigt,Ingen kommunikatör i tjänst under natten.,Övriga Sverige
95460,2018-11-20,Övrigt,Ingen kommunikatör i tjänst under natten.,Norrbotten / Övriga Sverige
95636,2018-11-21,Övrigt,"Norrbotten, ingen kommunikatör i tjänst under natten","Norrbotten, okänd kommun"
95790,2018-11-22,Övrigt,"Norrbotten, ingen kommunikatör i tjänst","Norrbotten, okänd kommun"
95940,2018-11-23,Övrigt,Ingen kommunikatör i tjänst under natten.,"Norrbotten, okänd kommun"
96009,2018-11-24,Övrigt,Ingen kommunikatör i tjänst under kvällen och natten.,Norrbotten / Övriga Sverige
96008,2018-11-24,Övrigt,Ingen kommunikatör i tjänst under kvällen och natten.,Övriga Sverige
96007,2018-11-24,Övrigt,Ingen kommunikatör i tjänst under kvällen och natten.,Övriga Sverige
96006,2018-11-24,Övrigt,Ingen kommunikatör i tjänst under kvällen och natten.,Övriga Sverige
96107,2018-11-25,Övrigt,Ingen kommunikatör i tjänst under kvällen och natten.,Övriga Sverige
96106,2018-11-25,Övrigt,Ingen kommunikatör i tjänst under kvällen och natten.,Övriga Sverige
96105,2018-11-25,Övrigt,Ingen kommunikatör i tjänst under kvällen och natten.,Övriga Sverige
96104,2018-11-25,Övrigt,Ingen kommunikatör i tjänst under kvällen och natten.,Norrbotten / Övriga Sverige
96186,2018-11-26,Övrigt,Ingen kommunikatör i tjänst under kvällen och natten.,Övriga Sverige
96185,2018-11-26,Övrigt,Ingen kommunikatör i tjänst under kvällen och natten.,Övriga Sverige
96184,2018-11-26,Övrigt,Ingen kommunikatör i tjänst under kvällen och natten.,Norrbotten / Övriga Sverige
96188,2018-11-26,Övrigt,Ingen kommunikatör i tjänst under kvällen och natten.,Övriga Sverige
96351,2018-11-27,Övrigt,Ingen kommunikatör i tjänst under kvällen och natten.,Norrbotten / Övriga Sverige
96357,2018-11-27,Övrigt,Ingen kommunikatör i tjänst under kvällen och natten.,Övriga Sverige
96356,2018-11-27,Övrigt,Ingen kommunikatör i tjänst under kvällen och natten.,Övriga Sverige
96355,2018-11-27,Övrigt,Ingen kommunikatör i tjänst under kvällen och natten.,Övriga Sverige
96523,2018-11-28,Övrigt,Ingen kommunikatör i tjänst under kvällen och natten.,Norrbotten / Övriga Sverige
96522,2018-11-28,Övrigt,Ingen kommunikatör i tjänst under kvällen och natten.,Övriga Sverige
96521,2018-11-28,Övrigt,Ingen kommunikatör i tjänst under kvällen och natten.,Övriga Sverige
96520,2018-11-28,Övrigt,Ingen kommunikatör i tjänst under kvällen och natten.,Övriga Sverige
96758,2018-11-29,Övrigt,Ingen kommunikatör i tjänst under natten.,Norrbotten / Övriga Sverige
96757,2018-11-29,Övrigt,Ingen kommunikatör i tjänst under natten.,Övriga Sverige
96756,2018-11-29,Övrigt,Ingen kommunikatör i tjänst under natten.,Övriga Sverige
96755,2018-11-29,Övrigt,Ingen kommunikatör i tjänst under natten.,Övriga Sverige
96936,2018-11-30,Övrigt,Ingen kommunikatör i tjänst under natten.,Norrbotten / Övriga Sverige
96935,2018-11-30,Övrigt,Ingen kommunikatör i tjänst under natten.,Övriga Sverige
96934,2018-11-30,Övrigt,Ingen kommunikatör i tjänst under natten.,Övriga Sverige
96933,2018-11-30,Övrigt,Ingen kommunikatör i tjänst under natten.,Övriga Sverige
97066,2018-12-02,Övrigt,Ingen kommunikatör i tjänst under natten.,Norrbotten / Övriga Sverige
97065,2018-12-02,Övrigt,Ingen kommunikatör i tjänst under natten.,Övriga Sverige
97064,2018-12-02,Övrigt,Ingen kommunikatör i tjänst under natten.,Övriga Sverige
97199,2018-12-03,Övrigt,Ingen kommunikatör i tjänst under kvällen och natten.,Norrbotten / Övriga Sverige
97198,2018-12-03,Övrigt,Ingen kommunikatör i tjänst under kvällen och natten.,Övriga Sverige
97197,2018-12-03,Övrigt,Ingen kommunikatör i tjänst under kvällen och natten.,Övriga Sverige
97196,2018-12-03,Övrigt,Ingen kommunikatör i tjänst under kvällen och natten.,Övriga Sverige
97336,2018-12-04,Övrigt,Ingen kommunikatör i tjänst under kvällen och natten.,Norrbotten / Övriga Sverige
97335,2018-12-04,Övrigt,Ingen kommunikatör i tjänst under kvällen och natten.,Övriga Sverige
97334,2018-12-04,Övrigt,Ingen kommunikatör i tjänst under kvällen och natten.,Övriga Sverige
97338,2018-12-04,Övrigt,Ingen kommunikatör i tjänst under kvällen och natten.,Övriga Sverige
97455,2018-12-05,Övrigt,Ingen kommunikatör i tjänst under kvällen och natten.,Norrbotten / Övriga Sverige
97454,2018-12-05,Övrigt,Ingen kommunikatör i tjänst under kvällen och natten.,Övriga Sverige
97453,2018-12-05,Övrigt,Ingen kommunikatör i tjänst under kvällen och natten.,Övriga Sverige
97452,2018-12-05,Övrigt,Ingen kommunikatör i tjänst under kvällen och natten.,Övriga Sverige
97617,2018-12-06,Övrigt,Ingen kommunikatör i tjänst under kvällen och natten.,Norrbotten / Övriga Sverige
97616,2018-12-06,Övrigt,Ingen kommunikatör i tjänst under kvällen och natten.,Övriga Sverige
97615,2018-12-06,Övrigt,Ingen kommunikatör i tjänst under kvällen och natten.,Övriga Sverige
97779,2018-12-07,Övrigt,Ingen kommunikatör i tjänst under natten.,Övriga Sverige
97778,2018-12-07,Övrigt,Ingen kommunikatör i tjänst under natten.,Övriga Sverige
97775,2018-12-07,Övrigt,Ingen kommunikatör i tjänst under natten.,Övriga Sverige
97774,2018-12-07,Övrigt,Ingen kommunikatör i tjänst under natten.,Norrbotten / Övriga Sverige
97869,2018-12-08,Övrigt,"Norrbotten, ingen kommunikatör i tjänst","Norrbotten, okänd kommun"
97994,2018-12-09,Övrigt,"Norrbotten, ingen kommunikatör i tjänst","Norrbotten, okänd kommun"
98094,2018-12-10,Övrigt,Ingen kommunikatör i tjänst.,"Norrbotten, okänd kommun"
98223,2018-12-10,Övrigt,Ingen kommunikatör i tjänst under natten.,Norrbotten / Övriga Sverige
98222,2018-12-10,Övrigt,Ingen kommunikatör i tjänst under natten.,Övriga Sverige
98221,2018-12-10,Övrigt,Ingen kommunikatör i tjänst under natten.,Övriga Sverige
98220,2018-12-10,Övrigt,Ingen kommunikatör i tjänst under natten.,Övriga Sverige
98421,2018-12-11,Övrigt,Ingen kommunikatör i tjänst under natten.,Norrbotten / Övriga Sverige
98420,2018-12-11,Övrigt,Ingen kommunikatör i tjänst under natten.,Övriga Sverige
98419,2018-12-11,Övrigt,Ingen kommunikatör i tjänst under natten.,Övriga Sverige
98418,2018-12-11,Övrigt,Ingen kommunikatör i tjänst under natten.,Övriga Sverige
98617,2018-12-12,Övrigt,Ingen kommunikatör i tjänst under natten.,Övriga Sverige
98622,2018-12-12,Övrigt,Ingen kommunikatör i tjänst under natten.,Övriga Sverige
98621,2018-12-12,Övrigt,Ingen kommunikatör i tjänst under natten.,Övriga Sverige
98620,2018-12-12,Övrigt,Ingen kommunikatör i tjänst under natten.,Norrbotten / Övriga Sverige
98797,2018-12-13,Övrigt,Ingen kommunikatör i tjänst under natten.,Övriga Sverige
98796,2018-12-13,Övrigt,Ingen kommunikatör i tjänst under natten.,Övriga Sverige
98795,2018-12-13,Övrigt,Ingen kommunikatör i tjänst under natten.,Norrbotten / Övriga Sverige
98800,2018-12-13,Övrigt,Ingen kommunikatör i tjänst under natten.,Övriga Sverige
98950,2018-12-14,Övrigt,"Norrbotten, ingen kommunikatör i tjänst under natten","Norrbotten, okänd kommun"
99039,2018-12-15,Övrigt,Ingen kommunikatör i tjänst under kvällen och natten.,"Norrbotten, okänd kommun"
99146,2018-12-16,Övrigt,Ingen kommunikatör i tjänst under kvällen och natten.,"Norrbotten, okänd kommun"
99310,2018-12-17,Övrigt,Ingen kommunikatör på plats under natten.,Norrbotten / Övriga Sverige
99308,2018-12-17,Övrigt,Ingen kommunikatör på plats under natten.,Övriga Sverige
99307,2018-12-17,Övrigt,Ingen kommunikatör på plats under natten.,Övriga Sverige
99465,2018-12-18,Övrigt,Ingen kommunikatör på plats under natten.,Övriga Sverige
99464,2018-12-18,Övrigt,Ingen kommunikatör på plats under natten.,Övriga Sverige
99463,2018-12-18,Övrigt,Ingen kommunikatör på plats under natten.,Norrbotten / Övriga Sverige
99643,2018-12-19,Övrigt,"Norrbotten, ingen kommunikatör i tjänst under natten","Norrbotten, okänd kommun"
99799,2018-12-20,Övrigt,"Norrbotten, ingen kommunikatör i tjänst under natten","Norrbotten, okänd kommun"
99953,2018-12-21,Övrigt,Ingen kommunikatör i tjänst under natten.,"Norrbotten, okänd kommun"
100035,2018-12-22,Övrigt,Ingen kommunikatör i tjänst under kvällen och natten.,"Norrbotten, okänd kommun"
100125,2018-12-23,Övrigt,Ingen kommunikatör i tjänst under kvällen/natten.,"Norrbotten, okänd kommun"
100202,2018-12-24,Övrigt,Ingen kommunikatör i tjänst under kvällen/natten.,"Norrbotten, okänd kommun"
100320,2018-12-25,Övrigt,"Norrbotten, ingen kommunikatör i tjänst under natten","Norrbotten, okänd kommun"
100438,2018-12-26,Övrigt,"Norrbotten, ingen kommunikatör i tjänst under natten","Norrbotten, okänd kommun"
100795,2018-12-28,Övrigt,Ingen kommunikatör i tjänst under natten.,Norrbotten / Övriga Sverige
100793,2018-12-28,Övrigt,Ingen kommunikatör i tjänst under natten.,Övriga Sverige
100792,2018-12-28,Övrigt,Ingen kommunikatör i tjänst under natten.,Övriga Sverige
100843,2018-12-29,Övrigt,Ingen kommunikatör i tjänst under kvällen och natten.,Övriga Sverige
100842,2018-12-29,Övrigt,Ingen kommunikatör i tjänst under kvällen och natten.,Norrbotten / Övriga Sverige
100840,2018-12-29,Övrigt,Ingen kommunikatör i tjänst under kvällen och natten.,Övriga Sverige
100934,2018-12-30,Övrigt,Ingen kommunikatör i tjänst under kvällen och natten.,Norrbotten / Övriga Sverige
100933,2018-12-30,Övrigt,Ingen kommunikatör i tjänst under kvällen och natten.,Övriga Sverige
100932,2018-12-30,Övrigt,Ingen kommunikatör i tjänst under kvällen och natten.,Övriga Sverige
101009,2018-12-31,Övrigt,Ingen kommunikatör i tjänst under kvällen och natten.,"Norrbotten, okänd kommun"
101106,2019-01-01,Övrigt,Ingen kommunikatör i tjänst under kvällen och natten.,"Norrbotten, okänd kommun"
101287,2019-01-02,Övrigt,Ingen kommunikatör i tjänst under natten.,Norrbotten / Övriga Sverige
101285,2019-01-02,Övrigt,Ingen kommunikatör i tjänst under natten.,Övriga Sverige
101289,2019-01-02,Övrigt,Ingen kommunikatör i tjänst under natten.,Övriga Sverige
101466,2019-01-03,Övrigt,Ingen kommunikatör i tjänst under natten.,Norrbotten / Övriga Sverige
101464,2019-01-03,Övrigt,Ingen kommunikatör i tjänst under natten.,Övriga Sverige
101463,2019-01-03,Övrigt,Ingen kommunikatör i tjänst under natten.,Övriga Sverige
101633,2019-01-04,Övrigt,Ingen kommunikatör i tjänst under natten.,Norrbotten / Övriga Sverige
101632,2019-01-04,Övrigt,Ingen kommunikatör i tjänst under natten.,Övriga Sverige
101630,2019-01-04,Övrigt,Ingen kommunikatör i tjänst under natten.,Övriga Sverige
101714,2019-01-05,Övrigt,"Norrbotten, ingen kommunikatör i tjänst","Norrbotten, okänd kommun"
101795,2019-01-06,Övrigt,"Norrbotten, ingen kommunikatör i tjänst","Norrbotten, okänd kommun"
101962,2019-01-07,Övrigt,Ingen kommunikatör i tjänst under natten.,Norrbotten / Övriga Sverige
101960,2019-01-07,Övrigt,Ingen kommunikatör i tjänst under natten.,Övriga Sverige
101959,2019-01-07,Övrigt,Ingen kommunikatör i tjänst under natten.,Övriga Sverige
102146,2019-01-08,Övrigt,Ingen kommunikatör i tjänst under natten.,Övriga Sverige
102145,2019-01-08,Övrigt,Ingen kommunikatör i tjänst under natten.,Norrbotten / Övriga Sverige
102143,2019-01-08,Övrigt,Ingen kommunikatör i tjänst under natten.,Övriga Sverige
102572,2019-01-11,Övrigt,"Norrbotten, ingen kommunikatör i tjänst under natten","Norrbotten, okänd kommun"
102659,2019-01-12,Övrigt,Ingen kommunikatör i tjänst under kvällen och natten.,"Norrbotten, okänd kommun"
102779,2019-01-13,Övrigt,Ingen kommunikatör i tjänst under kvällen och natten.,"Norrbotten, okänd kommun"
102932,2019-01-14,Övrigt,Ingen kommunikatör i tjänst under natten.,"Norrbotten, okänd kommun"
103095,2019-01-15,Övrigt,Ingen kommunikatör i tjänst under natten.,"Norrbotten, okänd kommun"
103302,2019-01-16,Övrigt,"Norrbotten, ingen kommunikatör i tjänst","Norrbotten, okänd kommun"
103473,2019-01-17,Övrigt,"Norrbotten, ingen kommunikatör i tjänst under natten","Norrbotten, okänd kommun"
103630,2019-01-18,Övrigt,Ingen kommunikatör i tjänst under natten.,"Norrbotten, okänd kommun"
103720,2019-01-19,Övrigt,Ingen kommunikatör i tjänst under kvällen och natten.,Norrbotten / Övriga Sverige
103719,2019-01-19,Övrigt,Ingen kommunikatör i tjänst under kvällen och natten.,Övriga Sverige
103717,2019-01-19,Övrigt,Ingen kommunikatör i tjänst under kvällen och natten.,Övriga Sverige
103807,2019-01-20,Övrigt,Ingen kommunikatör i tjänst under kvällen och natten.,Norrbotten / Övriga Sverige
103806,2019-01-20,Övrigt,Ingen kommunikatör i tjänst under kvällen och natten.,Övriga Sverige
103805,2019-01-20,Övrigt,Ingen kommunikatör i tjänst under kvällen och natten.,Övriga Sverige
103985,2019-01-21,Övrigt,"Norrbotten, ingen kommunikatör i tjänst under natten","Norrbotten, okänd kommun"
104108,2019-01-22,Övrigt,"Norrbotten, ingen kommunikatör i tjänst under natten","Norrbotten, okänd kommun"
104259,2019-01-23,Övrigt,Ingen kommunikatör i tjänst under natten.,"Norrbotten, okänd kommun"
104402,2019-01-24,Övrigt,Ingen kommunikatör i tjänst under natten.,Norrbotten / Övriga Sverige
104400,2019-01-24,Övrigt,Ingen kommunikatör i tjänst under natten.,Övriga Sverige
104399,2019-01-24,Övrigt,Ingen kommunikatör i tjänst under natten.,Övriga Sverige
104546,2019-01-25,Övrigt,Ingen kommunikatör i tjänst under natten.,Norrbotten / Övriga Sverige
104544,2019-01-25,Övrigt,Ingen kommunikatör i tjänst under natten.,Övriga Sverige
104550,2019-01-25,Övrigt,Ingen kommunikatör i tjänst under natten.,Övriga Sverige
104620,2019-01-26,Övrigt,Ingen kommunikatör i tjänst under kvällen/natten.,Norrbotten / Övriga Sverige
104615,2019-01-26,Övrigt,Ingen kommunikatör i tjänst under kvällen/natten.,Övriga Sverige
104614,2019-01-26,Övrigt,Ingen kommunikatör i tjänst under kvällen/natten.,Övriga Sverige
104729,2019-01-27,Övrigt,Ingen kommunikatör i tjänst under kvällen/natten.,Övriga Sverige
104727,2019-01-27,Övrigt,Ingen kommunikatör i tjänst under kvällen/natten.,Övriga Sverige
104726,2019-01-27,Övrigt,Ingen kommunikatör i tjänst under kvällen/natten.,Norrbotten / Övriga Sverige
104837,2019-01-28,Övrigt,Ingen kommunikatör i tjänst under kvällen och natten.,Övriga Sverige
104836,2019-01-28,Övrigt,Ingen kommunikatör i tjänst under kvällen och natten.,Övriga Sverige
104834,2019-01-28,Övrigt,Ingen kommunikatör i tjänst under kvällen och natten.,Norrbotten / Övriga Sverige
105006,2019-01-29,Övrigt,"Norrbotten, ingen kommunikatör i tjänst","Norrbotten, okänd kommun"
105671,2019-02-02,Övrigt,"Norrbotten, ingen kommunikatör i tjänst","Norrbotten, okänd kommun"
105781,2019-02-03,Övrigt,"Norrbotten, ingen kommunikatör i tjänst","Norrbotten, okänd kommun"
106663,2019-02-08,Övrigt,"Norrbotten, ingen kommunikatör i tjänst under natten","Norrbotten, okänd kommun"
107489,2019-02-14,Övrigt,"Norrbotten, ingen kommunikatör i tjänst under natten","Norrbotten, okänd kommun"
107958,2019-02-18,Övrigt,"Norrbotten, ingen kommunikatör i tjänst under natten","Norrbotten, okänd kommun"
108045,2019-02-19,Övrigt,"Norrbotten, ingen kommunikatör i tjänst","Norrbotten, okänd kommun"
108268,2019-02-20,Övrigt,Ingen kommunikatör i tjänst under natten.,"Norrbotten, okänd kommun"
108411,2019-02-21,Övrigt,Ingen kommunikatör i tjänst under natten.,"Norrbotten, okänd kommun"
108564,2019-02-22,Övrigt,Ingen kommunikatör i tjänst under natten.,Norrbotten / Övriga Sverige
108562,2019-02-22,Övrigt,Ingen kommunikatör i tjänst under natten.,Övriga Sverige
108561,2019-02-22,Övrigt,Ingen kommunikatör i tjänst under natten.,Övriga Sverige
108900,2019-02-25,Övrigt,Ingen kommunikatör i tjänst under natten.,"Norrbotten, okänd kommun"
109087,2019-02-26,Övrigt,Ingen kommunikatör i tjänst under natten.,"Norrbotten, okänd kommun"
109408,2019-02-28,Övrigt,Ingen kommunikatör i tjänst under natten.,Norrbotten / Övriga Sverige
109406,2019-02-28,Övrigt,Ingen kommunikatör i tjänst under natten.,Övriga Sverige
109405,2019-02-28,Övrigt,Ingen kommunikatör i tjänst under natten.,Övriga Sverige
109648,2019-03-02,Övrigt,"Norrbotten, ingen kommunikatör i tjänst","Norrbotten, okänd kommun"
109750,2019-03-03,Övrigt,"Norrbotten, ingen kommunikatör i tjänst",Norrbotten / Övriga Sverige
110632,2019-03-09,Övrigt,Ingen kommunikatör i tjänst under kvällen och natten.,"Norrbotten, okänd kommun"
110733,2019-03-10,Övrigt,Ingen kommunikatör i tjänst under kvällen och natten.,"Norrbotten, okänd kommun"
110897,2019-03-11,Övrigt,Ingen kommunikatör i tjänst under natten.,"Norrbotten, okänd kommun"
111257,2019-03-13,Övrigt,"Norrbotten, ingen kommunikatör i tjänst under natten","Norrbotten, okänd kommun"
111304,2019-03-14,Övrigt,Ingen kommunikatör i tjänst.,"Norrbotten, okänd kommun"
111376,2019-03-14,Övrigt,"Norrbotten, ingen kommunikatör i tjänst under natten","Norrbotten, okänd kommun"
111519,2019-03-15,Övrigt,Ingen kommunikatör i tjänst under natten.,"Norrbotten, okänd kommun"
111852,2019-03-18,Övrigt,"Norrbotten, ingen kommunikatör i tjänst under natten","Norrbotten, okänd kommun"
111943,2019-03-19,Övrigt,"Norrbotten, ingen kommunikatör i tjänst","Norrbotten, okänd kommun"
112140,2019-03-20,Övrigt,Ingen kommunikatör i tjänst under natten.,"Norrbotten, okänd kommun"
112280,2019-03-21,Övrigt,Ingen kommunikatör i tjänst under natten.,"Norrbotten, okänd kommun"
113403,2019-03-30,Övrigt,"Norrbotten, ingen kommunikatör i tjänst","Norrbotten, okänd kommun"
113509,2019-03-31,Övrigt,"Norrbotten, ingen kommunikatör i tjänst","Norrbotten, okänd kommun"
114298,2019-04-05,Övrigt,"Norrbotten, ingen kommunikatör i tjänst under natten","Norrbotten, okänd kommun"
114389,2019-04-06,Övrigt,Ingen kommunikatör i tjänst under kvällen och natten.,"Norrbotten, okänd kommun"
114494,2019-04-07,Övrigt,Ingen kommunikatör i tjänst under kvällen och natten.,"Norrbotten, okänd kommun"
115108,2019-04-11,Övrigt,"Norrbotten, ingen kommunikatör i tjänst under natten","Norrbotten, okänd kommun"
115279,2019-04-12,Övrigt,"Norrbotten, ingen kommunikatör i tjänst under natten","Norrbotten, okänd kommun"
115606,2019-04-15,Övrigt,"Norrbotten, ingen kommunikatör i tjänst under natten","Norrbotten, okänd kommun"
115733,2019-04-16,Övrigt,"Norrbotten, ingen kommunikatör i tjänst under natten","Norrbotten, okänd kommun"
115902,2019-04-17,Övrigt,Ingen kommunikatör i tjänst under natten.,"Norrbotten, okänd kommun"
116106,2019-04-18,Övrigt,Ingen kommunikatör i tjänst under natten.,"Norrbotten, okänd kommun"
116211,2019-04-19,Övrigt,"Norrbotten, ingen kommunikatör i tjänst","Norrbotten, okänd kommun"
116306,2019-04-20,Övrigt,"Norrbotten, ingen kommunikatör i tjänst","Norrbotten, okänd kommun"
116391,2019-04-21,Övrigt,"Norrbotten, ingen kommunikatör i tjänst","Norrbotten, okänd kommun"
116481,2019-04-22,Övrigt,Ingen kommunikatör i tjänst under kvällen och natten.,"Norrbotten, okänd kommun"
116672,2019-04-23,Övrigt,Ingen kommunikatör i tjänst under natten.,"Norrbotten, okänd kommun"
117968,2019-05-04,Övrigt,Ingen kommunikatör i tjänst under kvällen och natten.,"Norrbotten, okänd kommun"
118055,2019-05-05,Övrigt,Ingen kommunikatör i tjänst under kvällen och natten.,"Norrbotten, okänd kommun"
118745,2019-05-10,Övrigt,Ingen kommunikatör i tjänst under natten.,"Norrbotten, okänd kommun"
119433,2019-05-15,Övrigt,Ingen kommunikatör i tjänst under natten.,"Norrbotten, okänd kommun"
119577,2019-05-16,Övrigt,Ingen kommunikatör i tjänst under natten.,"Norrbotten, okänd kommun"
121352,2019-05-30,Övrigt,"Norrbotten, ingen kommunikatör i tjänst",Norrbotten / Övriga Sverige
122225,2019-06-06,Övrigt,Ingen kommunikatör i tjänst under kvällen och natten.,"Norrbotten, okänd kommun"
122391,2019-06-07,Övrigt,Ingen kommunikatör i tjänst under natten.,"Norrbotten, okänd kommun"
122743,2019-06-10,Övrigt,Ingen kommunikatör i tjänst under natten.,"Norrbotten, okänd kommun"
122854,2019-06-11,Övrigt,Ingen kommunikatör i tjänst under kvällen och natten.,"Norrbotten, okänd kommun"
123112,2019-06-13,Övrigt,Ingen kommunikatör i tjänst under kvällen och natten.,"Norrbotten, okänd kommun"
123270,2019-06-14,Övrigt,Ingen kommunikatör i tjänst under natten.,"Norrbotten, okänd kommun"
123572,2019-06-17,Övrigt,Ingen kommunikatör i tjänst under kvällen och natten.,"Norrbotten, okänd kommun"
123696,2019-06-18,Övrigt,Ingen kommunikatör i tjänst under kvällen och natten.,"Norrbotten, okänd kommun"
124044,2019-06-21,Övrigt,Ingen kommunikatör i tjänst under kvällen och natten.,"Norrbotten, okänd kommun"
124138,2019-06-22,Övrigt,Ingen kommunikatör i tjänst under kvällen och natten.,"Norrbotten, okänd kommun"
124232,2019-06-23,Övrigt,Ingen kommunikatör i tjänst under kvällen och natten.,"Norrbotten, okänd kommun"
124534,2019-06-26,Övrigt,Ingen kommunikatör i tjänst under kvällen och natten.,"Norrbotten, okänd kommun"
124640,2019-06-27,Övrigt,Ingen kommunikatör i tjänst under kvällen och natten.,"Norrbotten, okänd kommun"
124801,2019-06-28,Övrigt,Ingen kommunikatör i tjänst under natten.,"Norrbotten, okänd kommun"
124984,2019-07-01,Övrigt,Ingen kommunikatör i tjänst under kvällen och natten.,"Norrbotten, okänd kommun"
125089,2019-07-02,Övrigt,Ingen kommunikatör i tjänst under kvällen och natten.,"Norrbotten, okänd kommun"
125547,2019-07-06,Övrigt,Ingen kommunikatör i tjänst under kvällen och natten.,"Norrbotten, okänd kommun"
125627,2019-07-07,Övrigt,Ingen kommunikatör i tjänst under kvällen och natten.,"Norrbotten, okänd kommun"
125882,2019-07-10,Övrigt,Ingen kommunikatör i tjänst under kvällen och natten.,"Norrbotten, okänd kommun"
125989,2019-07-11,Övrigt,Ingen kommunikatör i tjänst under kvällen och natten.,"Norrbotten, okänd kommun"
126123,2019-07-12,Övrigt,Ingen kommunikatör i tjänst under natten.,"Norrbotten, okänd kommun"
126303,2019-07-15,Övrigt,Ingen kommunikatör i tjänst under kvällen/ natten.,"Norrbotten, okänd kommun"
126403,2019-07-16,Övrigt,Ingen kommunikatör i tjänst.,"Norrbotten, okänd kommun"
126502,2019-07-17,Övrigt,"Norrbotten, ingen kommunikatör i tjänst",Norrbotten / Övriga Sverige
126589,2019-07-18,Övrigt,"Norrbotten, ingen kommunikatör i tjänst",Norrbotten / Övriga Sverige
126703,2019-07-19,Övrigt,"Norrbotten, ingen kommunikatör i tjänst",Norrbotten / Övriga Sverige
126801,2019-07-20,Övrigt,Ingen kommunikatör i tjänst under kvällen och natten.,Norrbotten / Övriga Sverige
126800,2019-07-20,Övrigt,Ingen kommunikatör i tjänst under kvällen och natten.,Övriga Sverige
126877,2019-07-21,Övrigt,Ingen kommunikatör i tjänst under kvällen och natten.,Norrbotten / Övriga Sverige
126876,2019-07-21,Övrigt,Ingen kommunikatör i tjänst under kvällen och natten.,Övriga Sverige
126956,2019-07-22,Övrigt,Ingen kommunikatör i tjänst under kvällen och natten.,Norrbotten / Övriga Sverige
126955,2019-07-22,Övrigt,Ingen kommunikatör i tjänst under kvällen och natten.,Övriga Sverige
127032,2019-07-23,Övrigt,"Norrbotten, ingen kommunikatör i tjänst",Norrbotten / Övriga Sverige
127121,2019-07-24,Övrigt,"Norrbotten, ingen kommunikatör i tjänst",Norrbotten / Övriga Sverige
127246,2019-07-25,Övrigt,"Norrbotten, ingen kommunikatör i tjänst.",Norrbotten / Övriga Sverige
127365,2019-07-26,Övrigt,"Norrbotten, ingen kommunikatör i tjänst",Norrbotten / Övriga Sverige
127464,2019-07-27,Övrigt,"Norrbotten, ingen kommunikatör i tjänst",Norrbotten / Övriga Sverige
127540,2019-07-28,Övrigt,"Norrbotten, ingen kommunikatör i tjänst",Norrbotten / Övriga Sverige
127890,2019-08-01,Övrigt,"Norrbotten, ingen kommunikatör i tjänst",Norrbotten / Övriga Sverige
128003,2019-08-02,Övrigt,"Norrbotten, ingen kommunikatör i tjänst",Norrbotten / Övriga Sverige
128228,2019-08-05,Övrigt,"Norrbotten, ingen kommunikatör i tjänst",Norrbotten / Övriga Sverige
128333,2019-08-06,Övrigt,"Norrbotten, ingen kommunikatör i tjänst",Norrbotten / Övriga Sverige
128771,2019-08-09,Övrigt,"Norrbotten, ingen kommunikatör i tjänst under natten",Norrbotten / Övriga Sverige
128840,2019-08-10,Övrigt,Ingen kommunikatör i tjänst under kvällen och natten.,Norrbotten / Övriga Sverige
128839,2019-08-10,Övrigt,Ingen kommunikatör i tjänst under kvällen och natten.,Övriga Sverige
128982,2019-08-12,Övrigt,Ingen kommunikatör i tjänst under kvällen och natten.,"Norrbotten, okänd kommun"
129095,2019-08-13,Övrigt,Ingen kommunikatör i tjänst under kvällen och natten.,"Norrbotten, okänd kommun"
130932,2019-08-28,Övrigt,"Norrbotten, ingen kommunikatör i tjänst under natten",Norrbotten / Övriga Sverige
131552,2019-09-02,Övrigt,"Norrbotten, ingen kommunikatör i tjänst under natten",Norrbotten / Övriga Sverige
131690,2019-09-03,Övrigt,"Norrbotten, ingen kommunikatör i tjänst under natten",Norrbotten / Övriga Sverige
133029,2019-09-14,Övrigt,"Norrbotten, ingen kommunikatör i tjänst",Norrbotten / Övriga Sverige
133130,2019-09-15,Övrigt,"Norrbotten, ingen kommunikatör i tjänst",Norrbotten / Övriga Sverige
133877,2019-09-20,Övrigt,"Norrbotten, ingen kommunikatör i tjänst under natten",Norrbotten / Övriga Sverige
134401,2019-09-25,Övrigt,"Norrbotten, ingen kommunikatör i tjänst",Norrbotten / Övriga Sverige
134533,2019-09-26,Övrigt,"Norrbotten, ingen kommunikatör i tjänst",Norrbotten / Övriga Sverige
134731,2019-09-27,Övrigt,"Norrbotten, ingen kommunikatör i tjänst under natten","Norrbotten, okänd kommun"
135184,2019-10-01,Övrigt,"Norrbotten, ingen kommunikatör i tjänst under natten",Norrbotten / Övriga Sverige
136399,2019-10-12,Övrigt,"Norrbotten, ingen kommunikatör i tjänst under kvällen och natten",Norrbotten / Övriga Sverige
136497,2019-10-13,Övrigt,"Norrbotten, ingen kommunikatör i tjänst under kvällen och natten",Norrbotten / Övriga Sverige
137177,2019-10-18,Övrigt,"Norrbotten, ingen kommunikatör i tjänst under natten",Norrbotten / Övriga Sverige
137598,2019-10-22,Övrigt,Ingen kommunikatör i tjänst under kvällen och natten.,Norrbotten / Övriga Sverige
137597,2019-10-22,Övrigt,Ingen kommunikatör i tjänst under kvällen och natten.,Övriga Sverige
137900,2019-10-24,Övrigt,"Norrbotten, ingen kommunikatör i tjänst under natten",Norrbotten / Övriga Sverige
139140,2019-11-04,Övrigt,"Norrbotten, ingen kommunikatör i tjänst under natten",Norrbotten / Övriga Sverige
139722,2019-11-09,Övrigt,"Norrbotten, ingen kommunikatör i tjänst under kvällen och natten",Norrbotten / Övriga Sverige
139819,2019-11-10,Övrigt,"Norrbotten, ingen kommunikatör i tjänst under kvällen och natten",Norrbotten / Övriga Sverige
140499,2019-11-15,Övrigt,"Norrbotten, ingen kommunikatör i tjänst under natten",Norrbotten / Övriga Sverige
142991,2019-12-07,Övrigt,"Norrbotten, ingen kommunikatör i tjänst under kvällen och natten",Norrbotten / Övriga Sverige
143107,2019-12-08,Övrigt,"Norrbotten, ingen kommunikatör i tjänst under kvällen och natten",Norrbotten / Övriga Sverige
143754,2019-12-13,Övrigt,"Norrbotten, ingen kommunikatör i tjänst under natten",Norrbotten / Övriga Sverige
144522,2019-12-19,Övrigt,"Norrbotten, ingen kommunikatör i tjänst under natten",Norrbotten / Övriga Sverige
145090,2019-12-25,Övrigt,"Norrbotten, ingen kommunikatör i tjänst under natten",Norrbotten / Övriga Sverige
145180,2019-12-26,Övrigt,"Norrbotten, ingen kommunikatör i tjänst under natten",Norrbotten / Övriga Sverige
145304,2019-12-27,Övrigt,"Norrbotten, ingen kommunikatör i tjänst under natten",Norrbotten / Övriga Sverige
146114,2020-01-04,Övrigt,"Norrbotten, ingen kommunikatör i tjänst under kvällen och natten",Norrbotten / Övriga Sverige
146200,2020-01-05,Övrigt,"Norrbotten, ingen kommunikatör i tjänst",Norrbotten / Övriga Sverige
146721,2020-01-09,Övrigt,"Norrbotten, ingen kommunikatör i tjänst",Norrbotten / Övriga Sverige
146853,2020-01-10,Övrigt,"Norrbotten, ingen kommunikatör i tjänst under natten",Norrbotten / Övriga Sverige
147428,2020-01-15,Övrigt,"Norrbotten, ingen kommunikatör i tjänst under natten",Norrbotten / Övriga Sverige
147556,2020-01-16,Övrigt,"Norrbotten, ingen kommunikatör i tjänst under natten",Norrbotten / Övriga Sverige
147993,2020-01-20,Övrigt,"Norrbotten, ingen kommunikatör i tjänst under natten",Norrbotten / Övriga Sverige
149353,2020-02-01,Övrigt,"Norrbotten, ingen kommunikatör i tjänst under kvällen och natten",Norrbotten / Övriga Sverige
149452,2020-02-02,Övrigt,"Norrbotten, ingen kommunikatör i tjänst under kvällen och natten",Norrbotten / Övriga Sverige
150733,2020-02-12,Övrigt,"Norrbotten, ingen kommunikatör i tjänst under natten",Norrbotten / Övriga Sverige
150891,2020-02-13,Övrigt,"Norrbotten, ingen kommunikatör i tjänst under natten",Norrbotten / Övriga Sverige
151295,2020-02-17,Övrigt,"Norrbotten, ingen kommunikatör i tjänst under natten",Norrbotten / Övriga Sverige
151605,2020-02-20,Övrigt,"Norrbotten, ingen kommunikatör i tjänst under natten",Norrbotten / Övriga Sverige
151738,2020-02-21,Övrigt,"Norrbotten, ingen kommunikatör i tjänst under natten",Norrbotten / Övriga Sverige
153293,2020-03-06,Övrigt,"Norrbotten, ingen kommunikatör i tjänst under natten",Norrbotten / Övriga Sverige
153812,2020-03-11,Övrigt,"Norrbotten, ingen kommunikatör i tjänst under natten",Norrbotten / Övriga Sverige
153941,2020-03-12,Övrigt,"Norrbotten, ingen kommunikatör i tjänst under natten",Norrbotten / Övriga Sverige
154220,2020-03-15,Övrigt,"Norrbotten, ingen kommunikatör i tjänst under kvällen och natten",Norrbotten / Övriga Sverige
154647,2020-03-19,Övrigt,"Norrbotten, ingen kommunikatör i tjänst under natten",Norrbotten / Övriga Sverige
155639,2020-03-28,Övrigt,"Norrbotten, ingen kommunikatör i tjänst under kvällen och natten",Norrbotten / Övriga Sverige
155726,2020-03-29,Övrigt,"Norrbotten, ingen kommunikatör i tjänst under kvällen och natten",Norrbotten / Övriga Sverige
156336,2020-04-03,Övrigt,"Norrbotten, ingen kommunikatör i tjänst under natten",Norrbotten / Övriga Sverige
156878,2020-04-08,Övrigt,"Norrbotten, ingen kommunikatör i tjänst under natten",Norrbotten / Övriga Sverige
157027,2020-04-09,Övrigt,"Norrbotten, ingen kommunikatör i tjänst under natten",Norrbotten / Övriga Sverige
157292,2020-04-13,Övrigt,"Norrbotten, ingen kommunikatör i tjänst under kvällen och natten",Norrbotten / Övriga Sverige
158650,2020-04-25,Övrigt,"Norrbotten, ingen kommunikatör i tjänst under kvällen och natten",Norrbotten / Övriga Sverige
158751,2020-04-26,Övrigt,"Norrbotten, ingen kommunikatör i tjänst under kvällen och natten",Norrbotten / Övriga Sverige
159812,2020-05-06,Övrigt,"Norrbotten, ingen kommunikatör i tjänst under natten",Norrbotten / Övriga Sverige
160176,2020-05-11,Övrigt,"Norrbotten, ingen kommunikatör i tjänst under natten",Norrbotten / Övriga Sverige
160522,2020-05-14,Övrigt,"Norrbotten, ingen kommunikatör i tjänst under natten",Norrbotten / Övriga Sverige
161477,2020-05-23,Övrigt,"Norrbotten, ingen kommunikatör i tjänst",Norrbotten / Övriga Sverige
161548,2020-05-24,Övrigt,"Norrbotten, ingen kommunikatör i tjänst",Norrbotten / Övriga Sverige
162185,2020-05-29,Övrigt,"Norrbotten, ingen kommunikatör i tjänst",Norrbotten / Övriga Sverige
162814,2020-06-04,Övrigt,"Norrbotten, ingen kommunikatör i tjänst",Norrbotten / Övriga Sverige
163585,2020-06-11,Övrigt,"Norrbotten, ingen kommunikatör i tjänst under natten",Norrbotten / Övriga Sverige
163713,2020-06-12,Övrigt,"Norrbotten, ingen kommunikatör i tjänst under natten",Norrbotten / Övriga Sverige
165944,2020-07-07,Övrigt,Ingen kommunikatör i tjänst under kvällen och natten.,Norrbotten / Övriga Sverige
165942,2020-07-07,Övrigt,Ingen kommunikatör i tjänst under kvällen och natten.,Övriga Sverige
165940,2020-07-07,Övrigt,Ingen kommunikatör i tjänst under kvällen och natten.,Övriga Sverige
166013,2020-07-08,Övrigt,Ingen kommunikatör i tjänst under kvällen och natten.,Övriga Sverige
167079,2020-07-21,Övrigt,"Norrbotten, ingen kommunikatör i tjänst under natten",Norrbotten / Övriga Sverige
167489,2020-07-25,Övrigt,"Norrbotten, ingen kommunikatör i tjänst under kväll och natt",Norrbotten / Övriga Sverige
167565,2020-07-26,Övrigt,"Norrbotten, ingen kommunikatör i tjänst under kvällen och natten",Norrbotten / Övriga Sverige
167844,2020-07-29,Övrigt,"Norrbotten, ingen kommunikatör i tjänst under kvällen och natten",Norrbotten / Övriga Sverige
167943,2020-07-30,Övrigt,"Norrbotten, ingen kommunikatör i tjänst under kvällen och natten",Norrbotten / Övriga Sverige
168063,2020-07-31,Övrigt,"Norrbotten, ingen kommunikatör i tjänst under natten",Norrbotten / Övriga Sverige
168284,2020-08-03,Övrigt,"Norrbotten, ingen kommunikatör i tjänst under kvällen och natten",Norrbotten / Övriga Sverige
168447,2020-08-04,Övrigt,"Norrbotten, ingen kommunikatör i tjänst under natten",Norrbotten / Övriga Sverige
168835,2020-08-08,Övrigt,"Norrbotten, ingen kommunikatör i tjänst under kvällen och natten",Norrbotten / Övriga Sverige
168926,2020-08-09,Övrigt,"Norrbotten, ingen kommunikatör i tjänst under kvällen och natten",Norrbotten / Övriga Sverige
169372,2020-08-13,Övrigt,"Norrbotten, ingen kommunikatör i tjänst under kvällen och natten",Norrbotten / Övriga Sverige
169529,2020-08-14,Övrigt,"Norrbotten, ingen kommunikatör i tjänst under natten","Norrbotten, okänd kommun"
169779,2020-08-17,Övrigt,"Norrbotten, ingen kommunikatör i tjänst under kvällen och natten",Norrbotten / Övriga Sverige
170051,2020-08-19,Övrigt,"Norrbotten, ingen kommunikatör i tjänst under natten",Norrbotten / Övriga Sverige
170390,2020-08-22,Övrigt,"Norrbotten, ingen kommunikatör i tjänst under kvällen och natten",Norrbotten / Övriga Sverige
170478,2020-08-23,Övrigt,"Norrbotten, ingen kommunikatör i tjänst under kvällen och natten",Norrbotten / Övriga Sverige
170846,2020-08-26,Övrigt,"Norrbotten, ingen kommunikatör i tjänst under natten",Norrbotten / Övriga Sverige
170932,2020-08-27,Övrigt,"Norrbotten, ingen kommunikatör i tjänst under kvällen och natten",Norrbotten / Övriga Sverige
171339,2020-08-31,Övrigt,"Norrbotten, ingen kommunikatör i tjänst under natten",Norrbotten / Övriga Sverige
171673,2020-09-03,Övrigt,"Norrbotten, ingen kommunikatör i tjänst under natten",Norrbotten / Övriga Sverige
172632,2020-09-12,Övrigt,"Norrbotten, ingen kommunikatör i tjänst under kvällen och natten",Norrbotten / Övriga Sverige
172705,2020-09-13,Övrigt,"Norrbotten, ingen kommunikatör i tjänst under kvällen och natten",Norrbotten / Övriga Sverige
173553,2020-09-21,Övrigt,"Norrbotten, ingen kommunikatör i tjänst under kvällen och natten",Norrbotten / Övriga Sverige
173821,2020-09-23,Övrigt,"Norrbotten, ingen kommunikatör i tjänst under natten",Norrbotten / Övriga Sverige
173951,2020-09-24,Övrigt,"Norrbotten, ingen kommunikatör i tjänst under natten",Norrbotten / Övriga Sverige
174321,2020-09-28,Övrigt,"Norrbotten, ingen kommunikatör i tjänst under natten",Norrbotten / Övriga Sverige
175497,2020-10-10,Övrigt,"Norrbotten, ingen kommunikatör i tjänst under kvällen och natten",Norrbotten / Övriga Sverige
175577,2020-10-11,Övrigt,"Norrbotten, ingen kommunikatör i tjänst under kvällen och natten",Norrbotten / Övriga Sverige
175909,2020-10-14,Övrigt,"Norrbotten, ingen kommunikatör i tjänst under kvällen och natten",Norrbotten / Övriga Sverige
176197,2020-10-16,Övrigt,"Norrbotten, ingen kommunikatör i tjänst under natten",Norrbotten / Övriga Sverige
176739,2020-10-21,Övrigt,"Norrbotten, ingen kommunikatör i tjänst under natten",Norrbotten / Övriga Sverige
176872,2020-10-22,Övrigt,"Norrbotten, ingen kommunikatör i tjänst under natten",Norrbotten / Övriga Sverige
178045,2020-11-02,Övrigt,"Norrbotten, ingen kommunikatör i tjänst under kvällen och natten",Norrbotten / Övriga Sverige
178645,2020-11-07,Övrigt,"Norrbotten, ingen kommunikatör i tjänst under kvällen och natten",Norrbotten / Övriga Sverige
178711,2020-11-08,Övrigt,"Norrbotten, ingen kommunikatör i tjänst under kvällen och natten",Norrbotten / Övriga Sverige
179296,2020-11-13,Övrigt,"Norrbotten, ingen kommunikatör i tjänst under natten",Norrbotten / Övriga Sverige
179864,2020-11-19,Övrigt,"Norrbotten, ingen kommunikatör i tjänst under natten",Norrbotten / Övriga Sverige
180256,2020-11-23,Övrigt,"Norrbotten, ingen kommunikatör i tjänst under natten",Norrbotten / Övriga Sverige
180384,2020-11-24,Övrigt,"Norrbotten, ingen kommunikatör i tjänst under natten",Norrbotten / Övriga Sverige
182252,2020-12-11,Övrigt,"Norrbotten, ingen kommunikatör i tjänst under natten",Norrbotten / Övriga Sverige
182875,2020-12-17,Övrigt,"Norrbotten, ingen kommunikatör i tjänst under natten",Norrbotten / Övriga Sverige
183948,2020-12-28,Övrigt,"Norrbotten, ingen kommunikatör i tjänst under natten",Norrbotten / Övriga Sverige
184049,2020-12-29,Övrigt,"Norrbotten, ingen kommunikatör i tjänst under natten",Norrbotten / Övriga Sverige
184310,2021-01-01,Övrigt,"Norrbotten, ingen kommunikatör i tjänst under kvällen och natten",Norrbotten / Övriga Sverige
184553,2021-01-04,Övrigt,"Norrbotten, ingen kommunikatör i tjänst under natten",Norrbotten / Övriga Sverige
186298,2021-01-20,Övrigt,Ingen kommunikatör i tjänst under natten.,Norrbotten / Övriga Sverige
187372,2021-02-01,Övrigt,Lugnt i länet.,"Norrbotten, okänd kommun"
188749,2021-02-13,Övrigt,Ingen kommunikatör i tjänst under kvällen och natten.,Norrbotten / Övriga Sverige
188822,2021-02-14,Övrigt,Ingen kommunikatör i tjänst under kvällen och natten.,Norrbotten / Övriga Sverige
189434,2021-02-19,Övrigt,Ingen kommunikatör i tjänst under natten.,Norrbotten / Övriga Sverige
189979,2021-02-24,Övrigt,Ingen kommunikatör i tjänst under natten.,Norrbotten / Övriga Sverige
189977,2021-02-24,Övrigt,Ingen kommunikatör i tjänst under natten.,Övriga Sverige
190091,2021-02-25,Övrigt,Ingen kommunikatör i tjänst under natten.,Övriga Sverige
190207,2021-02-26,Övrigt,Ingen kommunikatör i tjänst under natten.,Övriga Sverige
190749,2021-03-03,Övrigt,Ingen kommunikatör i tjänst under natten.,Norrbotten / Övriga Sverige
190870,2021-03-04,Övrigt,Ingen kommunikatör i tjänst under natten.,Norrbotten / Övriga Sverige
191039,2021-03-06,Övrigt,Ingen kommunikatör i tjänst under kvällen och natten.,Övriga Sverige
191037,2021-03-06,Övrigt,Ingen kommunikatör i tjänst under kvällen och natten.,Norrbotten / Övriga Sverige
191111,2021-03-07,Övrigt,Ingen kommunikatör i tjänst under kvällen och natten.,Övriga Sverige
191329,2021-03-09,Övrigt,Ingen kommunikatör i tjänst under natten.,Övriga Sverige
192201,2021-03-17,Övrigt,Ingen kommunikatör i tjänst under natten.,Norrbotten / Övriga Sverige
192301,2021-03-18,Övrigt,Ingen kommunikatör i tjänst under natten.,Norrbotten / Övriga Sverige
192422,2021-03-19,Övrigt,Ingen kommunikatör i tjänst under natten,Norrbotten / Övriga Sverige
192419,2021-03-19,Övrigt,Ingen kommunikatör i tjänst under natten.,Övriga Sverige
192483,2021-03-20,Övrigt,Ingen kommunikatör i tjänst under kvällen och natten.,Norrbotten / Övriga Sverige
192562,2021-03-21,Övrigt,Ingen kommunikatör i tjänst under kvällen och natten.,Norrbotten / Övriga Sverige
192560,2021-03-21,Övrigt,Ingen kommunikatör i tjänst under kvällen och natten.,Övriga Sverige
192657,2021-03-22,Övrigt,Ingen kommunikatör i tjänst under natten.,Norrbotten / Övriga Sverige
192761,2021-03-23,Övrigt,Ingen kommunikatör i tjänst under natten.,Norrbotten / Övriga Sverige
192895,2021-03-24,Övrigt,Ingen kommunikatör i tjänst under natten.,Norrbotten / Övriga Sverige
193052,2021-03-25,Övrigt,Ingen kommunikatör i tjänst under natten.,Övriga Sverige
199227,2021-05-21,Övrigt,Ingen kommunikatör i tjänst under natten.,Norrbotten / Övriga Sverige
199744,2021-05-26,Övrigt,Ingen kommunikatör i tjänst under natten.,Norrbotten / Övriga Sverige
200256,2021-05-31,Övrigt,Ingen kommunikatör i tjänst under natten.,Norrbotten / Övriga Sverige
200382,2021-06-01,Övrigt,Ingen kommunikatör i tjänst under natten.,Norrbotten / Övriga Sverige
204858,2021-07-13,Övrigt,Ingen kommunikatör i tjänst,Norrbotten / Övriga Sverige
