matched_place,event_count,share_of_place_matches_pct,example_1,example_2,example_3
Notviken,103,10.6,Nattens händelser i sammandrag.,Följande viltolyckor finns att rapportera från onsdagen.,"Norrbotten, ett urval av händelser under förmiddagen."
Bergnaset,74,7.61,"Norrbotten, ett urval att nattens händelser.",Nykterhetskontroll på Älvbrovägen i Bergnäset nu på morgonen.,Ett urval av nattens händelser.
Porson,74,7.61,Problem med publicering under morgontimmarna.,Sammanfattning,"Norrbotten, ett urval av händelser under natten"
Hertson,61,6.28,"Norrbotten, ett urval av händelser i natt.",Sammanfattning 22:00 - 05:00,Sammanfattning av händelser i länet under natten och tidig morgon.
Sunderbyn,59,6.07,Flera hastighetsöverträdelser på riksväg 97 i Boden och Luleå.,Ett urval av nattens polisverksamhet.,Ett urval av nattens polisverksamhet i Norrbottens län.
Gammelstad,57,5.86,Sammanfattning 18:00-21:00,Natten har vid skrivandets stund varit lugn i Norrbotten. Följande händelser finns att rapportera.,Ett urval av nattens händelser.
Ranea,56,5.76,Under eftermiddagen och hittills under kvällen har flera 7 renar och 1 rådjur blivit påkörda i Norrbottens län. Flera av renpåkörningarna har inträffat i Övertorneå kommun.,"Norrbotten, ett urval av händelser",Sammanfattning kväll 19.00 - 22.00
Ornaset,53,5.45,Sammanfattning av nattens händelser utöver rymningen i Kalix.,Sammanfattning av nattens händelser,"Norrbotten, ett urval av nattens händelser"
Bergviken,47,4.84,"Norrbotten, här är resultaten efter dagens trafikkontroller i länet.","Norrbotten, ett urval av händelser under natten.",Resultat av dagens trafikkontroller
Skurholmen,35,3.6,Ett urval av nattens polisverksamhet.,lugnt för Polisen i Norrbotten.,Urval av polisens arbete i trafiken hittills under dagen.
Rutvik,29,2.98,Ett urval av nattens händelser,Ett urval av händelser.,Ett urval av nattens polisverksamhet från klockan 22.00 till 07.00.
Antnas,28,2.88,"Norrbotten, urval av händelser under natten.","Norrbotten, resultat efter flera trafikkontroller under förmiddagen",Ett urval av nattens polisverksamhet.
Mjolkudden,28,2.88,"Norrbotten, få händelser under natten.",Sammanfattning av nattens händelser i länet.,Ett urval av händelser.
Ersnas,26,2.67,Följande händelser finns att rapportera.,Ett urval av nattens polisverksamhet.,Ett urval av nattens polisverksamhet 00:00–07:00.
Niemisel,22,2.26,"Norrbottens län, en sammanfattning av nattens händelser.",Ett urval av nattens händelser.,"Norrbotten, ett urval av nattens polisverksamhet"
Bjorkskatan,19,1.95,"Norrbotten, urval av händelser under natten.",Ett urval av händelser från natten,"Norrbotten, ett urval av händelser under natten"
Malmudden,19,1.95,sammanfattning,Ett urval av nattens polisverksamhet.,Ett urval av nattens polisverksamhet 00:00–07:00.
Balinge,18,1.85,Ett urval från natten i Norrbotten,Flera viltolyckor under eftermiddagen och kvällen.,Ett urval av nattens polisverksamhet.
Kallax,17,1.75,Viltolyckor i länet klockan 15-20,"Norrbotten, viltolyckor under morgonen","Norrbotten, ett urval av nattens polisverksamhet"
Person,17,1.75,"Norrbotten, ett urval av händelser under natten.",Ett urval av nattens polisverksamhet.,Ett urval av nattens händelser.
Alvik,16,1.65,Resutat av dagens trafikkontroller,Ett urval av nattens polisverksamhet.,"Norrbotten, resultat efter trafikkontroller under förmiddagen"
Mattsund,15,1.54,"Norrbotten, ett urval av händelser under natten.",Urval av polisens arbete i trafiken under förmiddagen.,Ett urval av nattens polisverksamhet i Norrbottens län.
Lerbacken,14,1.44,Natten i Norrbotten,Ett urval av nattens polisverksamhet 00:00–07:00.,Resultat från trafikkontroller i Norrbotten.
Klovertrask,12,1.23,Ett urval av nattens polisverksamhet klockan 00-07.,Ett urval av nattens polisverksamhet.,Ett urval av nattens polisverksamhet 22:00–07:00.
Lovskatan,11,1.13,"Norrbotten, ett urval av nattens polisverksamhet",Ett urval av nattens polisverksamhet 00:00–07:00.,Ett urval av nattens polisverksamhet 22:00–07:00.
Bensbyn,10,1.03,"Norrbottens län, en sammanfattning av eftermiddagens och kvällens händelser.",Ett urval av nattens polisverksamhet i Norrbottens län.,Viltolyckor under kvällen.
Lulsundet,9,0.93,Ett urval av kvällens och nattens händelser.,Ett urval av nattens polisverksamhet.,Ett urval av nattens polisverksamhet i Norrbotten.
Avan,8,0.82,"Norrbotten, ett urval av nattens polisverksamhet",Flera viltolyckor i länet.,Urval av polisens arbete i trafiken i länet under morgonen/förmiddagen.
Bjorsbyn,7,0.72,"Norrbotten, många viltolyckor","Norrbottens län, en sammanfattning av nattens händelser.","Norrbotten, en summering av polisens arbete i trafiken under dagen"
Smedsbyn,7,0.72,Flera viltolyckor i Norrbottens län under fredagen.,Viltolyckor i Norrbotten.,Resultat av polisens arbete i trafiken.
Angesbyn,4,0.41,Sammanfattning 15:00-18:00,"Norrbotten, ett urval av händelser under natten",Ett urval av nattens polisverksamhet 22.00–07.00.
Jamton,4,0.41,Ett urval av nattens polisverksamhet 22:00–07:00.,Ett urval av nattens polisverksamhet.,"Norrbotten, två anmälda viltolyckor under eftermiddagen och kvällen."
Orarna,4,0.41,Ett flertal trafikkontroller genomförda i länet under förmiddagen.,"Norrbottens län, en sammanfattning av nyårsnattens händelser.",Resultat av polisens arbete i trafiken.
Orrbyn,4,0.41,Följande viltolyckor finns att rapportera från fredagsdygnet,Flera viltolyckor anmälda i Norrbotten.,Resultat efter trafikkontroller under förmiddagen.
Borjelslandet,2,0.21,"Norrbotten, resultat efter trafikkontroller under förmiddagen","Norrbotten, resultat efter trafikkontroller under morgonen",
Brandon,2,0.21,"Norrbotten, resultat i urval från dagens trafikkontroller.","Norrbotten, ett urval av polisens arbete i trafiken",
Vita,1,0.1,"Norrbotten, resultat i urval från dagens trafikkontroller.",,
