year,municipality_combination,municipalities,event_count
2016,Fler än två / otydlig kombination,,3
2017,Fler än två / otydlig kombination,,18
2017,Boden + Piteå,Boden|Piteå,2
2017,Kiruna + Luleå,Kiruna|Luleå,2
2017,Arvidsjaur + Piteå,Arvidsjaur|Piteå,1
2017,Boden + Luleå,Boden|Luleå,1
2017,Jokkmokk + Älvsbyn,Jokkmokk|Älvsbyn,1
2017,Kalix + Piteå,Kalix|Piteå,1
2017,Kiruna + Piteå,Kiruna|Piteå,1
2017,Luleå + Pajala,Luleå|Pajala,1
2017,Luleå + Piteå,Luleå|Piteå,1
2018,Fler än två / otydlig kombination,,13
2018,Kiruna + Piteå,Kiruna|Piteå,2
2018,Luleå + Piteå,Luleå|Piteå,2
2018,Arvidsjaur + Luleå,Arvidsjaur|Luleå,1
2018,Boden + Piteå,Boden|Piteå,1
2018,Jokkmokk + Kalix,Jokkmokk|Kalix,1
2018,Kalix + Luleå,Kalix|Luleå,1
2019,Fler än två / otydlig kombination,,44
2019,Boden + Luleå,Boden|Luleå,4
2019,Luleå + Piteå,Luleå|Piteå,3
2019,Boden + Älvsbyn,Boden|Älvsbyn,2
2019,Gällivare + Kiruna,Gällivare|Kiruna,2
2019,Arjeplog + Arvidsjaur,Arjeplog|Arvidsjaur,1
2019,Arjeplog + Gällivare,Arjeplog|Gällivare,1
2019,Arjeplog + Luleå,Arjeplog|Luleå,1
2019,Arjeplog + Pajala,Arjeplog|Pajala,1
2019,Arvidsjaur + Piteå,Arvidsjaur|Piteå,1
2019,Boden + Gällivare,Boden|Gällivare,1
2019,Boden + Kiruna,Boden|Kiruna,1
2019,Boden + Pajala,Boden|Pajala,1
2019,Boden + Piteå,Boden|Piteå,1
2019,Gällivare + Luleå,Gällivare|Luleå,1
2019,Gällivare + Älvsbyn,Gällivare|Älvsbyn,1
2019,Gällivare + Övertorneå,Gällivare|Övertorneå,1
2019,Jokkmokk + Kalix,Jokkmokk|Kalix,1
2019,Kiruna + Luleå,Kiruna|Luleå,1
2019,Kiruna + Pajala,Kiruna|Pajala,1
2019,Pajala + Piteå,Pajala|Piteå,1
2019,Pajala + Övertorneå,Pajala|Övertorneå,1
2020,Fler än två / otydlig kombination,,86
2020,Boden + Luleå,Boden|Luleå,6
2020,Luleå + Piteå,Luleå|Piteå,5
2020,Arvidsjaur + Boden,Arvidsjaur|Boden,3
2020,Gällivare + Piteå,Gällivare|Piteå,3
2020,Arjeplog + Piteå,Arjeplog|Piteå,2
2020,Arvidsjaur + Gällivare,Arvidsjaur|Gällivare,2
2020,Boden + Kiruna,Boden|Kiruna,2
2020,Boden + Pajala,Boden|Pajala,2
2020,Boden + Piteå,Boden|Piteå,2
2020,Boden + Älvsbyn,Boden|Älvsbyn,2
2020,Gällivare + Jokkmokk,Gällivare|Jokkmokk,2
2020,Haparanda + Luleå,Haparanda|Luleå,2
2020,Piteå + Övertorneå,Piteå|Övertorneå,2
2020,Arjeplog + Pajala,Arjeplog|Pajala,1
2020,Arvidsjaur + Jokkmokk,Arvidsjaur|Jokkmokk,1
2020,Arvidsjaur + Pajala,Arvidsjaur|Pajala,1
2020,Arvidsjaur + Piteå,Arvidsjaur|Piteå,1
2020,Boden + Kalix,Boden|Kalix,1
2020,Gällivare + Kiruna,Gällivare|Kiruna,1
2020,Gällivare + Luleå,Gällivare|Luleå,1
2020,Gällivare + Älvsbyn,Gällivare|Älvsbyn,1
2020,Gällivare + Övertorneå,Gällivare|Övertorneå,1
2020,Jokkmokk + Älvsbyn,Jokkmokk|Älvsbyn,1
2020,Kalix + Kiruna,Kalix|Kiruna,1
2020,Kalix + Luleå,Kalix|Luleå,1
2020,Kalix + Pajala,Kalix|Pajala,1
2020,Kalix + Överkalix,Kalix|Överkalix,1
2020,Kiruna + Luleå,Kiruna|Luleå,1
2020,Kiruna + Piteå,Kiruna|Piteå,1
2020,Kiruna + Älvsbyn,Kiruna|Älvsbyn,1
2020,Luleå + Älvsbyn,Luleå|Älvsbyn,1
2020,Älvsbyn + Övertorneå,Älvsbyn|Övertorneå,1
2021,Fler än två / otydlig kombination,,135
2021,Boden + Luleå,Boden|Luleå,24
2021,Boden + Gällivare,Boden|Gällivare,5
2021,Gällivare + Luleå,Gällivare|Luleå,4
2021,Luleå + Piteå,Luleå|Piteå,4
2021,Arjeplog + Arvidsjaur,Arjeplog|Arvidsjaur,3
2021,Boden + Piteå,Boden|Piteå,3
2021,Gällivare + Kiruna,Gällivare|Kiruna,3
2021,Kiruna + Luleå,Kiruna|Luleå,3
2021,Arvidsjaur + Boden,Arvidsjaur|Boden,2
2021,Arvidsjaur + Luleå,Arvidsjaur|Luleå,2
2021,Boden + Kiruna,Boden|Kiruna,2
2021,Kiruna + Piteå,Kiruna|Piteå,2
2021,Arjeplog + Luleå,Arjeplog|Luleå,1
2021,Arvidsjaur + Gällivare,Arvidsjaur|Gällivare,1
2021,Arvidsjaur + Piteå,Arvidsjaur|Piteå,1
2021,Boden + Kalix,Boden|Kalix,1
2021,Gällivare + Piteå,Gällivare|Piteå,1
2021,Gällivare + Älvsbyn,Gällivare|Älvsbyn,1
2021,Haparanda + Älvsbyn,Haparanda|Älvsbyn,1
2021,Kalix + Luleå,Kalix|Luleå,1
2021,Kalix + Piteå,Kalix|Piteå,1
2021,Kalix + Älvsbyn,Kalix|Älvsbyn,1
2021,Kiruna + Älvsbyn,Kiruna|Älvsbyn,1
2021,Luleå + Pajala,Luleå|Pajala,1
2022,Fler än två / otydlig kombination,,193
2022,Boden + Luleå,Boden|Luleå,16
2022,Boden + Piteå,Boden|Piteå,8
2022,Gällivare + Piteå,Gällivare|Piteå,6
2022,Luleå + Piteå,Luleå|Piteå,6
2022,Arjeplog + Luleå,Arjeplog|Luleå,5
2022,Boden + Gällivare,Boden|Gällivare,5
2022,Gällivare + Luleå,Gällivare|Luleå,5
2022,Arjeplog + Boden,Arjeplog|Boden,3
2022,Arvidsjaur + Luleå,Arvidsjaur|Luleå,3
2022,Boden + Haparanda,Boden|Haparanda,3
2022,Kiruna + Övertorneå,Kiruna|Övertorneå,3
2022,Arvidsjaur + Boden,Arvidsjaur|Boden,2
2022,Kiruna + Luleå,Kiruna|Luleå,2
2022,Arjeplog + Haparanda,Arjeplog|Haparanda,1
2022,Arvidsjaur + Gällivare,Arvidsjaur|Gällivare,1
2022,Arvidsjaur + Jokkmokk,Arvidsjaur|Jokkmokk,1
2022,Gällivare + Jokkmokk,Gällivare|Jokkmokk,1
2022,Gällivare + Kiruna,Gällivare|Kiruna,1
2022,Haparanda + Luleå,Haparanda|Luleå,1
2022,Jokkmokk + Luleå,Jokkmokk|Luleå,1
2022,Kalix + Luleå,Kalix|Luleå,1
2022,Kalix + Övertorneå,Kalix|Övertorneå,1
2022,Luleå + Övertorneå,Luleå|Övertorneå,1
2022,Pajala + Älvsbyn,Pajala|Älvsbyn,1
2022,Piteå + Älvsbyn,Piteå|Älvsbyn,1
2023,Fler än två / otydlig kombination,,147
2023,Boden + Luleå,Boden|Luleå,10
2023,Luleå + Piteå,Luleå|Piteå,7
2023,Boden + Piteå,Boden|Piteå,6
2023,Gällivare + Kalix,Gällivare|Kalix,5
2023,Boden + Gällivare,Boden|Gällivare,4
2023,Gällivare + Luleå,Gällivare|Luleå,4
2023,Arjeplog + Gällivare,Arjeplog|Gällivare,3
2023,Kiruna + Luleå,Kiruna|Luleå,3
2023,Luleå + Övertorneå,Luleå|Övertorneå,3
2023,Arvidsjaur + Pajala,Arvidsjaur|Pajala,2
2023,Arvidsjaur + Piteå,Arvidsjaur|Piteå,2
2023,Boden + Haparanda,Boden|Haparanda,2
2023,Boden + Kalix,Boden|Kalix,2
2023,Gällivare + Haparanda,Gällivare|Haparanda,2
2023,Kalix + Luleå,Kalix|Luleå,2
2023,Kiruna + Piteå,Kiruna|Piteå,2
2023,Arjeplog + Arvidsjaur,Arjeplog|Arvidsjaur,1
2023,Arjeplog + Kalix,Arjeplog|Kalix,1
2023,Arjeplog + Luleå,Arjeplog|Luleå,1
2023,Arjeplog + Pajala,Arjeplog|Pajala,1
2023,Arvidsjaur + Boden,Arvidsjaur|Boden,1
2023,Arvidsjaur + Gällivare,Arvidsjaur|Gällivare,1
2023,Arvidsjaur + Haparanda,Arvidsjaur|Haparanda,1
2023,Boden + Älvsbyn,Boden|Älvsbyn,1
2023,Gällivare + Jokkmokk,Gällivare|Jokkmokk,1
2023,Gällivare + Kiruna,Gällivare|Kiruna,1
2023,Gällivare + Pajala,Gällivare|Pajala,1
2023,Jokkmokk + Luleå,Jokkmokk|Luleå,1
2023,Kalix + Kiruna,Kalix|Kiruna,1
2023,Kalix + Pajala,Kalix|Pajala,1
2023,Kalix + Piteå,Kalix|Piteå,1
2023,Kiruna + Pajala,Kiruna|Pajala,1
2023,Kiruna + Älvsbyn,Kiruna|Älvsbyn,1
2023,Luleå + Pajala,Luleå|Pajala,1
2023,Pajala + Älvsbyn,Pajala|Älvsbyn,1
2024,Fler än två / otydlig kombination,,117
2024,Luleå + Pajala,Luleå|Pajala,5
2024,Boden + Piteå,Boden|Piteå,4
2024,Gällivare + Kalix,Gällivare|Kalix,3
2024,Gällivare + Luleå,Gällivare|Luleå,3
2024,Gällivare + Piteå,Gällivare|Piteå,3
2024,Haparanda + Kalix,Haparanda|Kalix,3
2024,Kiruna + Pajala,Kiruna|Pajala,3
2024,Kiruna + Piteå,Kiruna|Piteå,3
2024,Arvidsjaur + Piteå,Arvidsjaur|Piteå,2
2024,Boden + Luleå,Boden|Luleå,2
2024,Boden + Pajala,Boden|Pajala,2
2024,Kalix + Kiruna,Kalix|Kiruna,2
2024,Kiruna + Luleå,Kiruna|Luleå,2
2024,Kiruna + Övertorneå,Kiruna|Övertorneå,2
2024,Luleå + Piteå,Luleå|Piteå,2
2024,Pajala + Piteå,Pajala|Piteå,2
2024,Arjeplog + Arvidsjaur,Arjeplog|Arvidsjaur,1
2024,Arjeplog + Boden,Arjeplog|Boden,1
2024,Arjeplog + Kalix,Arjeplog|Kalix,1
2024,Arjeplog + Luleå,Arjeplog|Luleå,1
2024,Arjeplog + Pajala,Arjeplog|Pajala,1
2024,Arvidsjaur + Boden,Arvidsjaur|Boden,1
2024,Arvidsjaur + Gällivare,Arvidsjaur|Gällivare,1
2024,Arvidsjaur + Haparanda,Arvidsjaur|Haparanda,1
2024,Arvidsjaur + Kalix,Arvidsjaur|Kalix,1
2024,Arvidsjaur + Älvsbyn,Arvidsjaur|Älvsbyn,1
2024,Boden + Gällivare,Boden|Gällivare,1
2024,Boden + Haparanda,Boden|Haparanda,1
2024,Boden + Jokkmokk,Boden|Jokkmokk,1
2024,Boden + Kalix,Boden|Kalix,1
2024,Boden + Kiruna,Boden|Kiruna,1
2024,Gällivare + Kiruna,Gällivare|Kiruna,1
2024,Gällivare + Pajala,Gällivare|Pajala,1
2024,Gällivare + Älvsbyn,Gällivare|Älvsbyn,1
2024,Gällivare + Övertorneå,Gällivare|Övertorneå,1
2024,Haparanda + Övertorneå,Haparanda|Övertorneå,1
2024,Kalix + Piteå,Kalix|Piteå,1
2024,Kalix + Övertorneå,Kalix|Övertorneå,1
2025,Fler än två / otydlig kombination,,175
2025,Boden + Luleå,Boden|Luleå,14
2025,Luleå + Piteå,Luleå|Piteå,6
2025,Gällivare + Kiruna,Gällivare|Kiruna,4
2025,Kiruna + Luleå,Kiruna|Luleå,4
2025,Gällivare + Luleå,Gällivare|Luleå,3
2025,Luleå + Pajala,Luleå|Pajala,3
2025,Luleå + Övertorneå,Luleå|Övertorneå,3
2025,Arjeplog + Kiruna,Arjeplog|Kiruna,2
2025,Arjeplog + Luleå,Arjeplog|Luleå,2
2025,Arvidsjaur + Boden,Arvidsjaur|Boden,2
2025,Boden + Gällivare,Boden|Gällivare,2
2025,Boden + Jokkmokk,Boden|Jokkmokk,2
2025,Boden + Piteå,Boden|Piteå,2
2025,Boden + Övertorneå,Boden|Övertorneå,2
2025,Gällivare + Jokkmokk,Gällivare|Jokkmokk,2
2025,Kalix + Piteå,Kalix|Piteå,2
2025,Kiruna + Piteå,Kiruna|Piteå,2
2025,Arjeplog + Kalix,Arjeplog|Kalix,1
2025,Arjeplog + Pajala,Arjeplog|Pajala,1
2025,Arvidsjaur + Jokkmokk,Arvidsjaur|Jokkmokk,1
2025,Arvidsjaur + Kiruna,Arvidsjaur|Kiruna,1
2025,Arvidsjaur + Piteå,Arvidsjaur|Piteå,1
2025,Boden + Haparanda,Boden|Haparanda,1
2025,Boden + Kiruna,Boden|Kiruna,1
2025,Gällivare + Haparanda,Gällivare|Haparanda,1
2025,Gällivare + Piteå,Gällivare|Piteå,1
2025,Gällivare + Älvsbyn,Gällivare|Älvsbyn,1
2025,Haparanda + Kalix,Haparanda|Kalix,1
2025,Haparanda + Pajala,Haparanda|Pajala,1
2025,Haparanda + Piteå,Haparanda|Piteå,1
2025,Haparanda + Älvsbyn,Haparanda|Älvsbyn,1
2025,Kalix + Luleå,Kalix|Luleå,1
2025,Kalix + Överkalix,Kalix|Överkalix,1
2025,Kiruna + Älvsbyn,Kiruna|Älvsbyn,1
2026,Fler än två / otydlig kombination,,181
2026,Boden + Luleå,Boden|Luleå,25
2026,Luleå + Piteå,Luleå|Piteå,14
2026,Kiruna + Luleå,Kiruna|Luleå,7
2026,Boden + Kiruna,Boden|Kiruna,6
2026,Boden + Piteå,Boden|Piteå,5
2026,Luleå + Älvsbyn,Luleå|Älvsbyn,5
2026,Boden + Kalix,Boden|Kalix,4
2026,Gällivare + Luleå,Gällivare|Luleå,4
2026,Gällivare + Piteå,Gällivare|Piteå,4
2026,Jokkmokk + Kiruna,Jokkmokk|Kiruna,3
2026,Arvidsjaur + Boden,Arvidsjaur|Boden,2
2026,Arvidsjaur + Luleå,Arvidsjaur|Luleå,2
2026,Boden + Gällivare,Boden|Gällivare,2
2026,Boden + Övertorneå,Boden|Övertorneå,2
2026,Kalix + Kiruna,Kalix|Kiruna,2
2026,Arjeplog + Boden,Arjeplog|Boden,1
2026,Arjeplog + Kalix,Arjeplog|Kalix,1
2026,Arjeplog + Kiruna,Arjeplog|Kiruna,1
2026,Arjeplog + Piteå,Arjeplog|Piteå,1
2026,Arvidsjaur + Piteå,Arvidsjaur|Piteå,1
2026,Gällivare + Jokkmokk,Gällivare|Jokkmokk,1
2026,Gällivare + Kalix,Gällivare|Kalix,1
2026,Gällivare + Kiruna,Gällivare|Kiruna,1
2026,Gällivare + Älvsbyn,Gällivare|Älvsbyn,1
2026,Haparanda + Kiruna,Haparanda|Kiruna,1
2026,Haparanda + Luleå,Haparanda|Luleå,1
2026,Jokkmokk + Luleå,Jokkmokk|Luleå,1
2026,Jokkmokk + Piteå,Jokkmokk|Piteå,1
2026,Jokkmokk + Övertorneå,Jokkmokk|Övertorneå,1
2026,Kalix + Luleå,Kalix|Luleå,1
2026,Kalix + Piteå,Kalix|Piteå,1
2026,Kalix + Älvsbyn,Kalix|Älvsbyn,1
2026,Kalix + Överkalix,Kalix|Överkalix,1
2026,Kalix + Övertorneå,Kalix|Övertorneå,1
2026,Kiruna + Piteå,Kiruna|Piteå,1
2026,Luleå + Övertorneå,Luleå|Övertorneå,1
2026,Piteå + Älvsbyn,Piteå|Älvsbyn,1
2026,Piteå + Övertorneå,Piteå|Övertorneå,1
