place_name,normalized_name,municipality,source,confidence,evidence_count
Arjeplog,arjeplog,Arjeplog,scb_tatort_2023,official,1
Arvidsjaur,arvidsjaur,Arvidsjaur,scb_tatort_2023,official,1
Glommersträsk,glommerstrask,Arvidsjaur,scb_tatort_2023,official,1
Boden,boden,Boden,scb_tatort_2023,official,1
Harads,harads,Boden,scb_tatort_2023,official,1
Norra Bredåker,norra bredaker,Boden,scb_tatort_2023,official,1
Sävast,savast,Boden,scb_tatort_2023,official,1
Trångforsen och Heden,trangforsen och heden,Boden,scb_tatort_2023,official,1
Unbyn,unbyn,Boden,scb_tatort_2023,official,1
Vittjärv,vittjarv,Boden,scb_tatort_2023,official,1
Gällivare,gallivare,Gällivare,scb_tatort_2023,official,1
Hakkas,hakkas,Gällivare,scb_tatort_2023,official,1
Koskullskulle,koskullskulle,Gällivare,scb_tatort_2023,official,1
Malmberget östra,malmberget ostra,Gällivare,scb_tatort_2023,official,1
Malmberget västra,malmberget vastra,Gällivare,scb_tatort_2023,official,1
Tjautjas/Cavccas,tjautjas cavccas,Gällivare,scb_tatort_2023,official,1
Haparanda,haparanda,Haparanda,scb_tatort_2023,official,1
Nikkala,nikkala,Haparanda,scb_tatort_2023,official,1
Seskarö,seskaro,Haparanda,scb_tatort_2023,official,1
Jokkmokk,jokkmokk,Jokkmokk,scb_tatort_2023,official,1
Porjus,porjus,Jokkmokk,scb_tatort_2023,official,1
Vuollerim,vuollerim,Jokkmokk,scb_tatort_2023,official,1
Bredviken,bredviken,Kalix,scb_tatort_2023,official,1
Gammelgården,gammelgarden,Kalix,scb_tatort_2023,official,1
Kalix,kalix,Kalix,scb_tatort_2023,official,1
Nyborg,nyborg,Kalix,scb_tatort_2023,official,1
Pålänge,palange,Kalix,scb_tatort_2023,official,1
Risögrund,risogrund,Kalix,scb_tatort_2023,official,1
Sangis,sangis,Kalix,scb_tatort_2023,official,1
Töre,tore,Kalix,scb_tatort_2023,official,1
Jukkasjärvi,jukkasjarvi,Kiruna,scb_tatort_2023,official,1
Karesuando,karesuando,Kiruna,scb_tatort_2023,official,1
Kiruna,kiruna,Kiruna,scb_tatort_2023,official,1
Kuttainen,kuttainen,Kiruna,scb_tatort_2023,official,1
Svappavaara,svappavaara,Kiruna,scb_tatort_2023,official,1
Vittangi,vittangi,Kiruna,scb_tatort_2023,official,1
Antnäs,antnas,Luleå,scb_tatort_2023,official,1
Avan,avan,Luleå,scb_tatort_2023,official,1
Bälinge,balinge,Luleå,scb_tatort_2023,official,1
Bensbyn,bensbyn,Luleå,scb_tatort_2023,official,1
Bergnäset,bergnaset,Luleå,scb_tatort_2023,official,1
Brändön,brandon,Luleå,scb_tatort_2023,official,1
Ersnäs,ersnas,Luleå,scb_tatort_2023,official,1
Gammelstaden,gammelstaden,Luleå,scb_tatort_2023,official,1
Hällbacken och Sinksundet,hallbacken och sinksundet,Luleå,scb_tatort_2023,official,1
Kallax,kallax,Luleå,scb_tatort_2023,official,1
Klöverträsk,klovertrask,Luleå,scb_tatort_2023,official,1
Luleå,lulea,Luleå,scb_tatort_2023,official,1
Måttsund,mattsund,Luleå,scb_tatort_2023,official,1
Persön,person,Luleå,scb_tatort_2023,official,1
Råneå,ranea,Luleå,scb_tatort_2023,official,1
Rutvik,rutvik,Luleå,scb_tatort_2023,official,1
Södra Sunderbyn,sodra sunderbyn,Luleå,scb_tatort_2023,official,1
Sundom,sundom,Luleå,scb_tatort_2023,official,1
Junosuando,junosuando,Pajala,scb_tatort_2023,official,1
Kangos,kangos,Pajala,scb_tatort_2023,official,1
Korpilombolo,korpilombolo,Pajala,scb_tatort_2023,official,1
Pajala,pajala,Pajala,scb_tatort_2023,official,1
Bergsviken,bergsviken,Piteå,scb_tatort_2023,official,1
Blåsmark,blasmark,Piteå,scb_tatort_2023,official,1
Böle,bole,Piteå,scb_tatort_2023,official,1
Hemmingsmark,hemmingsmark,Piteå,scb_tatort_2023,official,1
Hortlax,hortlax,Piteå,scb_tatort_2023,official,1
Jävre,javre,Piteå,scb_tatort_2023,official,1
Kopparnäs,kopparnas,Piteå,scb_tatort_2023,official,1
Lillpite,lillpite,Piteå,scb_tatort_2023,official,1
Norrfjärden,norrfjarden,Piteå,scb_tatort_2023,official,1
Piteå,pitea,Piteå,scb_tatort_2023,official,1
Roknäs,roknas,Piteå,scb_tatort_2023,official,1
Rosvik,rosvik,Piteå,scb_tatort_2023,official,1
Sjulsmark,sjulsmark,Piteå,scb_tatort_2023,official,1
Svensbyn,svensbyn,Piteå,scb_tatort_2023,official,1
Älvsbyn,alvsbyn,Älvsbyn,scb_tatort_2023,official,1
Korsträsk,korstrask,Älvsbyn,scb_tatort_2023,official,1
Vidsel,vidsel,Älvsbyn,scb_tatort_2023,official,1
Vistträsk,visttrask,Älvsbyn,scb_tatort_2023,official,1
Överkalix,overkalix,Överkalix,scb_tatort_2023,official,1
Svartbyn,svartbyn,Överkalix,scb_tatort_2023,official,1
Tallvik,tallvik,Överkalix,scb_tatort_2023,official,1
Hedenäset,hedenaset,Övertorneå,scb_tatort_2023,official,1
Juoksengi,juoksengi,Övertorneå,scb_tatort_2023,official,1
Övertorneå,overtornea,Övertorneå,scb_tatort_2023,official,1
