geography_group,type_original,location_string,count
"Norrbotten, okänd kommun",Övrigt,"Börje, Norrbottens län",33
"Norrbotten, okänd kommun",Övrigt,"Börje, Norrbotten, Norrbottens län",25
Luleå kommun,Trafikolycka,"Luleå, Norrbottens län",14
"Norrbotten, okänd kommun",Sammanfattning natt,"Norrbotten, Norrbottens län",14
"Norrbotten, okänd kommun",Övrigt,"Norrbotten, Börje, Norrbottens län",11
Luleå kommun,Trafikkontroll,"Luleå, Norrbottens län",10
"Norrbotten, okänd kommun",Sammanfattning natt,Norrbottens län,6
"Norrbotten, okänd kommun",Tillfälligt obemannat,"Börje, Norrbotten, Norrbottens län",6
Luleå kommun,Trafikkontroll,"Börjelslandet, Luleå, Norrbottens län",5
Luleå kommun,"Trafikolycka,  personskada","Luleå, Norrbottens län",4
Luleå kommun,Trafikolycka,"Börjelslandet, Luleå, Norrbottens län",4
Arjeplogs kommun,Fjällräddning,"Hornavan, Arjeplog, Norrbottens län",2
Luleå kommun,Sammanfattning natt,"Luleå, Norrbottens län",2
Luleå kommun,Trafikbrott,"Luleå, Norrbottens län",2
Luleå kommun,Rattfylleri,"Luleå, Norrbottens län",2
Luleå kommun,Stöld/inbrott,"Luleå, Norrbottens län",2
Luleå kommun,"Trafikolycka,  singel","Råneå, Luleå, Norrbottens län",2
Flera kommuner i Norrbotten,Trafikkontroll,"Öjebyn, Piteå, Södra Svartbyn, Boden, Luleå, Gammelgården, Jäkkvik, Arjeplog, Vitsand, Svedjan, Överkalix, Moråsleden, Morjärv, Trångån, Norrbottens län",1
Flera kommuner i Norrbotten,Trafikkontroll,"Norrbotten, Piteå, Öjebyn, Boden, Harads, Luleå, Haparanda, Arjeplog, Norrbottens län",1
Flera kommuner i Norrbotten,Trafikkontroll,"Solberg, Arjeplog, Notudden, Jokkmokk, Kiruna, Norrbottens län",1
Flera kommuner i Norrbotten,Trafikkontroll,"Norrbotten, Luleå, Notviken, Arjeplog, Boden, Piteå, Norrbottens län",1
Flera kommuner i Norrbotten,Trafikkontroll,"Norrbotten, Luleå, Börjelslandet, Böle, Boden, Piteå, Gällivare, Norskavägen, Norrbottens län",1
Flera kommuner i Norrbotten,Trafikkontroll,"Norrbotten, Kiruna, Lombololeden, Söderleden, Börjelslandet, Luleå, Öjebyn, Piteå, Norrbottens län",1
Flera kommuner i Norrbotten,Trafikkontroll,"Norrbotten, Nya Älvvägen, Böle, Piteå, Arvidsjaur, Gällivare, Luleå, Högsta, Öjebyn, Haparanda, Jukkasjärvi, Kiruna Kommun, Norrbottens län",1
Flera kommuner i Norrbotten,Trafikkontroll,"Norrbotten, Boden, Vittjärv, Luleå, Kiruna, Gällivare, Älvsbyn, Vidsel, Norrbottens län",1
Flera kommuner i Norrbotten,Trafikkontroll,"Norrbotten, Arvidsjaur, Skogsgatan, Jokkmokk, Luleå, Kallax, Alvik, Börjelslandet, Antnäs, Piteå, Grundvik, Hortlax, Övertorneå, Luppio, Risudden, Norrbottens län",1
Flera kommuner i Norrbotten,Trafikkontroll,"Arvidsjaur, Storgatan, Arjeplog, Lugnetvägen, Boden, Inbyn, Luleå, Norrbottens län",1
Flera kommuner i Norrbotten,Sammanfattning natt,"Norrbotten, Boden, Sanden, Luleå, Piteå, Munksundsvägen, Norrbottens län",1
Flera kommuner i Norrbotten,Sammanfattning natt,"Luleå, Kirunavägen, Töre, Antnäs, Börjelsbyn, Munkebergsgatan, Mjölkudden, Norrbottens län",1
Bodens kommun,Trafikkontroll,"Boden, Garnisonen, Jokkmokksvägen, Vittjärv, Norrbottens län",1
Bodens kommun,Sammanfattning natt,"Kungsgatan, Boden, Norrbottens län",1
Flera kommuner i Norrbotten,Trafikkontroll,"Norrbotten, Karats, Jokkmokk, Jukkasjärvi, Kiruna Kommun, Dundret, Gällivare Kommun, Gammelstad, Luleå Kommun, Vittjärv, Boden, Norrbottens län",1
Luleå kommun,Djur,"Luleå, Norrbottens län",1
Luleå kommun,Fylleri/LOB,"Börjelslandet, Luleå, Norrbottens län",1
Kiruna kommun,Fjällräddning,"Kiruna, Norrbottens län",1
Kiruna kommun,"Trafikolycka,  personskada","Abisko, Kiruna, Norrbottens län",1
Kalix kommun,Trafikolycka,"Börjelsbyn, Kalix, Norrbottens län",1
Luleå kommun,Sammanfattning natt,"Örnäset, Föreningsgatan, Norrbotten, Norrbottens län",1
Luleå kommun,Sammanfattning natt,"Skogsbilväg, Hertsön, Norrbotten, Norrbottens län",1
Flera kommuner i Norrbotten,"Trafikolycka,  vilt","Börjelsbyn, Kalix, Gällivare, Peräjävaara, Norrbottens län",1
Kalix kommun,Trafikbrott,"Börjelsbyn, Kalix, Norrbottens län",1
Kalix kommun,Sammanfattning natt,"Kalix, Börjelslandet, Norrbottens län",1
Kalix kommun,Trafikkontroll,"Börjelsbyn, Kalix, Norrbottens län",1
Flera kommuner i Norrbotten,"Trafikolycka,  vilt","Luleå, Kiruna, Norrbottens län",1
Kalix kommun,Sammanfattning kväll och natt,"Kalix, Norrbottens län",1
Kalix kommun,Sammanfattning natt,"Blomgatan, Kalix, Norrbottens län",1
Flera kommuner i Norrbotten,"Trafikolycka,  vilt","Norrbotten, Luleå Kommun, Öjebyn, Piteå Kommun, Svannäs, Arjeplog, Norrbottens län",1
Kalix kommun,Rattfylleri,"Marieberg, Börjelsbyn, Kalix, Norrbottens län",1
Luleå kommun,Trafikolycka,"Jämtön, Luleå, Norrbottens län",1
Luleå kommun,Trafikkontroll,"Älvbrovägen, Bergnäset, Luleå, Norrbottens län",1
Luleå kommun,Trafikkontroll,"Luleå Kommun, Hällfors, Antnäs, Älvbrovägen, Bergnäset, Orrbyn, Luleå, Norrbottens län",1
Luleå kommun,Trafikkontroll,"Luleå Kommun, Södra Sunderbyn, Luleå, Norrbottens län",1
Luleå kommun,Trafikkontroll,"Gammelstad, Börjelslandet, Hällfors, Niemisel, Luleå, Norrbottens län",1
Luleå kommun,Trafikbrott,"Börjelslandet, Luleå, Norrbottens län",1
Luleå kommun,Trafikbrott,"Rutvik, Börjelslandet, Luleå, Norrbottens län",1
Luleå kommun,Trafikhinder,"Persön, Luleå, Norrbottens län",1
Luleå kommun,Sammanfattning natt,"Norrbotten, Luleå, Norrbottens län",1
"Norrbotten, okänd kommun",Sammanfattning natt,"Börjelslandet, Råneå, Norrbottens län",1
"Norrbotten, okänd kommun",Sammanfattning natt,"Boden, Luleå, Mattor, Norrbottens län",1
Luleå kommun,"Trafikolycka,  singel","Persön, Luleå, Norrbottens län",1
Luleå kommun,"Trafikolycka,  vilt","Tomtebovägen, Luleå, Norrbottens län",1
"Norrbotten, okänd kommun",Sammanfattning kväll och natt,"Luleå, Karlsborg, Kalix, Boden, Norrbottens län",1
"Norrbotten, okänd kommun",Sammanfattning kväll och natt,"Pajala, Gällivare, Kalix, Norrbotten, Norrbottens län",1
"Norrbotten, okänd kommun",Sammanfattning natt,"Boden, Luleå, Gällivare, Norrbottens län",1
"Norrbotten, okänd kommun",Sammanfattning natt,"Kiruna, Luleå, Börjelslandet, Piteå, Älvsbyn, Örnäset, Norrbottens län",1
"Norrbotten, okänd kommun",Sammanfattning natt,"Kiruna, Boden, Piteå, Norrbottens län",1
"Norrbotten, okänd kommun",Sammanfattning natt,"Hertsön, Luleå, Kiruna, Persön, Tvärån, Överkalix, Norrbottens län",1
"Norrbotten, okänd kommun",Sammanfattning natt,"Gällivare, Luleå, Norrbotten, Norrbottens län",1
"Norrbotten, okänd kommun",Sammanfattning natt,"Gällivare, Boden, Luleå, Vistträsk, Älvsbyn, Norrbottens län",1
"Norrbotten, okänd kommun",Sammanfattning natt,"Föreningsgatan, Rolfs, Kalix, Luleå, Norrbottens län",1
"Norrbotten, okänd kommun",Sammanfattning natt,"Luleå, Arvidsjaur, Gällivare, Piteå, Ormberget, Kalix, Norrbottens län",1
"Norrbotten, okänd kommun",Sammanfattning natt,"Luleå, Haparanda, Narken, Pajala, Övertorneå, Börjelsbyn, Kalix, Norrbottens län",1
"Norrbotten, okänd kommun",Sammanfattning natt,"Piteå, Kalix, Kiruna, Norrbotten, Norrbottens län",1
"Norrbotten, okänd kommun",Sammanfattning natt,"Norrbotten, Sunderby Sjukhus, Luleå, Haparanda, Norrbottens län",1
"Norrbotten, okänd kommun",Sammanfattning natt,"Luleå, Marielund, Haparanda, Morjärv, Kalix, Norrbottens län",1
"Norrbotten, okänd kommun",Sammanfattning natt,"Luleå, Norrfjärden, Piteå, Norrbottens län",1
"Norrbotten, okänd kommun",Sammanfattning natt,"Royal, Kiruna, Luleå, Norrbotten, Norrbottens län",1
"Norrbotten, okänd kommun",Sammanfattning natt,"Övertorneå, Storheden, Luleå, Boden, Porsön, Kiruna, Notviken, Gällivare, Norrbotten, Norrbottens län",1
Pajala kommun,Trafikolycka,"Korpilombolo, Pajala, Norrbottens län",1
Piteå kommun,Sammanfattning natt,"Piteå, Norrbottens län",1
