place_text_norm,event_type_extracted,event_count
Två viltolyckor har anmälts till polisen under natten och morgonen. Det finns inga rapporter om personskador.,"Trafikolycka, vilt",76
(tom),Övrigt/oklassificerad,59
Fyra viltolyckor har anmälts till polisen under natten och morgonen. Det finns inga rapporter om personskador.,"Trafikolycka, vilt",40
Tre viltolyckor har anmälts till polisen under natten och morgonen. Det finns inga rapporter om personskador.,"Trafikolycka, vilt",36
(tom),Misshandel,33
(tom),Fylleri/LOB,27
(tom),Narkotikabrott,27
Fem viltolyckor har anmälts till polisen under natten och morgonen. Det finns inga rapporter om personskador.,"Trafikolycka, vilt",25
Två viltolyckor har anmälts till polisen under natten. Inga personskador har rapporterats.,"Trafikolycka, vilt",18
En viltolycka har anmälts till polisen under natten. Det finns inga rapporter om personskador.,"Trafikolycka, vilt",15
Övrigt: Fyra viltolyckor har anmälts till polisen under natten. Inga personskador rapporteras i samband med olyckorna.,"Trafikolycka, vilt",8
"Totalt åtta viltolyckor under natten och morgonen, inga personskador.","Trafikolycka, vilt",8
En viltolycka har anmälts till polisen under natten. Inga personskador har rapporterats.,"Trafikolycka, vilt",8
Sju viltolyckor har anmälts till polisen under natten och morgonen. Det finns inga rapporter om personskador.,"Trafikolycka, vilt",7
Övrigt: Under natten och morgonen har sju viltolyckor utan personskador rapporterats till polisen.,"Trafikolycka, vilt",7
"Sju viltolyckor och renpåkörningar har inrapporterats till polisens ledningscentral mellan klockan 22:00 och 07:00. De har skett i Ersnäs samt i Rutvik i Luleå kommun, två har skett i närheten av Sattajärvi, Pajala kommun, en i Svappavaara, Kiruna kommun, en i Storlångträsk, Piteå kommun samt en i Tärendö, Pajala kommun. Inga personskador har uppstått.","Trafikolycka, vilt",7
Övrigt: Sju viltolyckor har anmälts till polisen under natten. Inga personskador rapporteras i samband med olyckorna.,"Trafikolycka, vilt",7
(tom),Rattfylleri,7
Sju viltolyckor har rapporterats in till polisen under natten. Inga personskador finns rapporterade.,"Trafikolycka, vilt",7
Under natten har sju viltolyckor rapporterats in till polisen. Inga personskador finns rapporterade.,"Trafikolycka, vilt",7
Sju viltolyckor har anmälts till polisens ledningscentral under natten och morgonen. Inga personskador rapporteras i samband med olyckorna.,"Trafikolycka, vilt",7
Två viltolyckor har anmälts till polisen under natten och morgonen. Inga personskador har rapporterats.,"Trafikolycka, vilt",6
"Tre viltolyckor har hittills inträffat, inga personskador rapporterade.","Trafikolycka, vilt",6
Tre viltolyckor har anmälts till polisen under natten och morgonen. Det finns inga uppgifter om personskador.,"Trafikolycka, vilt",6
Tre viltolyckor har anmälts till polisen under natten. Inga personskador har rapporterats.,"Trafikolycka, vilt",6
Tre viltolyckor har anmälts under natten. Inga personer har skadats i olyckorna.,"Trafikolycka, vilt",6
Sex viltolyckor har anmälts till polisen under natten och morgonen. Det finns ingen information om personskador i samband med olyckorna.,"Trafikolycka, vilt",6
"Övrigt: Sex viltolyckor/renpåkörningar har inrapporterats till polisens ledningscentral sedan klockan 22:00 på tisdagen. En skedde i Lovikka, Pajala, en i Jokkmokk centrum, en på länsväg 374 Älvsbyn, en i Vittangi, Kiruna kommun, en på Bälingevägen, Luleå kommun samt en i Jukkasjärvi, Kiruna kommun. Inga personskador har uppstått.","Trafikolycka, vilt",6
Övrigt: Sex viltolyckor utan personskador har anmälts till polisen under natten.,"Trafikolycka, vilt",6
Sex viltolyckor har anmälts till polisen under natten och morgonen. Det finns inga uppgifter om personskador.,"Trafikolycka, vilt",6
(tom),Trafikbrott,6
(tom),Brand,5
Övrigt: Under natten och morgonen har fem viltolyckor på väg inrapporterats till polisens ledningscentral. Inga personskador har rapporterats.,"Trafikolycka, vilt",5
Tre viltolyckor och två renpåkörningar har anmälts till polisen under natten. Inga personskador har rapporterats.,"Trafikolycka, vilt",5
Tre viltolyckor har skett i länet under sen kväll och natt. En viltolycka med rådjur samt en med älg har skett i Övertorneå. En viltolycka med älg har också skett på länsväg 392 Överkalix. Det finns inga uppgifter om att någon person har kommit till skada.,"Trafikolycka, vilt",5
Övrigt: Från klockan 22:00 till 08:00 har fem viltolyckor inrapporterats till polisens ledningscentral.,"Trafikolycka, vilt",5
Övrigt: Mellan 22:00 och 07:00 har fem viltolyckor i länet rapporterats in till polisen. Inga personskador rapporteras i samband med olyckorna.,"Trafikolycka, vilt",5
"Fem viltolyckor har anmälts till polisen under natten (i Gällivare, Överkalix, Kiruna). Inga personskador har rapporterats.","Trafikolycka, vilt",5
"Fem viltolyckor har hittills inträffat, inga personskador rapporterade.","Trafikolycka, vilt",5
Fem viltolyckor har inträffat i länet. Inga personskador har rapporterats,"Trafikolycka, vilt",5
Fem viltolyckor inträffade under natten.,"Trafikolycka, vilt",5
En viltolycka har anmälts till polisen under natten. Det finns inga uppgifter om personskador.,"Trafikolycka, vilt",4
Två viltolyckor har anmälts till polisen under natten. Det finns inga rapporter om personskador.,"Trafikolycka, vilt",4
"Övrigt: Fyra viltolyckor/renpåkörningar har inrapporterats till polisens ledningscentral. En skedde på riksväg 95 Arjeplog, en på E45 Slagnäs, Arjeplog, en på E10 Sorvanen, Gällivare samt en på E45 Kåbdalis, Jokkmokk. Inga personskador har rapporterats.","Trafikolycka, vilt",4
Övrigt: Fyra viltolyckor utan personskador har rapporterats in till polisen under natten.,"Trafikolycka, vilt",4
"Övrigt: Fyra viltolyckor har inträffat under natt och tidig morgon. I Klöverträsk, Luleå, i Vibbyn respektive Sanden, Bodens kommun samt på E4 vid Boviken, Piteå. Ingen person kom till skada.","Trafikolycka, vilt",4
"Övrigt: Under natten har fyra renpåkörningar/viltolyckor inrapporterats i länet. De inträffade på E10 Aitik i Gällivare, på E10/Ulmjärvsvägen i Överkalix, på E10 i Hakkas i Gällivare samt på länsväg 575 i Rosvik, Piteå. Inga personskador har uppstått.","Trafikolycka, vilt",4
"Övrigt: Under natten och morgonen har fyra viltolyckor utan personskador rapporterats till polisens ledningscentral. De inträffade på länsväg 609/länsväg 613 samt i Strömholm, Slagnäs - bägge i Arjeplogs kommun, på länsväg 703 Påläng i Kalix kommun samt på E10/Hopukkavägen, Vittangi i Kiruna kommun.","Trafikolycka, vilt",4
"Under natten och morgonen har fyra viltolyckor/renpåkörningar rapporterats till polisen. De inträffade på länsväg 395 Tornefors i Pajala kommun, i Vittangi samt på E45 i Karesuando, bägge i Kiruna kommun samt på Kypasjärvivägen i Överkalix kommun. Inga personskador har uppstått.","Trafikolycka, vilt",4
Fyra viltolyckor utan personskador har rapporterats in till polisen under natten.,"Trafikolycka, vilt",4
"Fyra viltolyckor har rapporterats till polisen under natten (i Jokkmokk, Kiruna och Boden). Det finns inga uppgifter om personskador.","Trafikolycka, vilt",4
"Fyra viltolyckor har rapporterats in till polisen under natten. De har skett på länsväg 374, Jokkmokk, på E45 Karesuando, på E10 Rensjön, Kiruna och på E10 Morjärv, Kalix. Inga personskador finns rapporterade.","Trafikolycka, vilt",4
Fyra viltolyckor har rapporterats in till polisen. Inga personskador finns rapporterade.,"Trafikolycka, vilt",4
Två viltolyckor har anmälts under natten. Inga personskador har rapporterats.,"Trafikolycka, vilt",4
Fyra viltolyckor har anmälts till polisen under natten och morgonen. Inga personskador har rapporterats.,"Trafikolycka, vilt",4
Fyra viltolyckor har anmälts till polisen under natten. Inga personer har skadats i olyckorna.,"Trafikolycka, vilt",4
"Fyra viltolyckor har anmälts under natten (i Kiruna, Boden, Gällivare). Inga personskador har rapporterats.","Trafikolycka, vilt",4
"Två viltolyckor har anmälts till polisen under natten (riksväg 95 Glommersträsk och riksväg 94 Kyrkmalmen). Inga personskador har rapporterats. Utöver det har en viltolycka i Älvsbyn och en renpåkörning i Pajala rapporterats, men där har inblandade trafikanter ännu inte anmält olyckorna till polisen.","Trafikolycka, vilt",4
Kebnekaise,Fjällräddning,4
Övrigt: Två viltolyckor utan personskador har rapporterats in till polisen under natten.,"Trafikolycka, vilt",4
"Övrigt: Två viltolyckor har inträffat på morgonen i Norrbottens län. Vid femtiden på morgonen kontaktades polisen av en sameby angående en renpåkörning på Nikkalouktavägen i Kiruna, föraren har inte själv kontaktat polisen. En viltolycka med älg har också inträffat på Gamla Lulevägen i Boden. Ingen person skadades.","Trafikolycka, vilt",4
Övrigt: Två viltolyckor har anmälts till polisen under natten. Inga personskador rapporteras i samband med olyckorna.,"Trafikolycka, vilt",4
"Övrigt: Fyra viltolyckor har inträffat i Norrbottens län under natt och tidig morgon. En i Harads, Bodens kommun, en i Parakka, Kiruna kommun, en i Jokkmokk och till sist en i Pitholm i Piteå kommun. Det finns inga uppgifter om att någon person har kommit till skada.","Trafikolycka, vilt",4
Övrigt: Fyra viltolyckor har inträffat i Norrbotten under sen kväll och natt. Tre där ren har varit inblandade och en olycka med älg. Inga personskador.,"Trafikolycka, vilt",4
Övrigt: Fyra viltolyckor utan personskador har anmälts till polisen under natten.,"Trafikolycka, vilt",4
Fyra viltolyckor har anmälts till polisen under natten och morgonen. Det finns inga uppgifter om personskador.,"Trafikolycka, vilt",4
Under natten har tre viltolyckor inträffat i länet. Inga personskador.,"Trafikolycka, vilt",3
"Övrigt: Under natten och morgonen har tre viltolyckor inrapporterats till polisen. De inträffade på länsväg 394 Suorra, Gällivare kommun, på riksväg 99 i Haparanda centrum, samt i Svedjan, Unbyn, Bodens kommun. Inga personskador har rapporterats.","Trafikolycka, vilt",3
"Övrigt: Under natten och morgonen har tre viltolyckor utan personskador rapporterats till polisen. De inträffade på E45 Tårrajaur, Jokkmokks kommun, på E4 Rånekölen, Råneå i Luleå kommun samt på E10 Svappavaara i Kiruna kommun.","Trafikolycka, vilt",3
"Övrigt: Under tidsperioden från midnatt till 07:00 har tre viltolyckor/renpåkörningar rapporterats till polisen. En skedde på riksväg 94 Pålsträsk, Älvsbyn, en i Riddarberg, Älvsbyn och en på riksväg 95 i Jäkkvik, Arjeplog. Det finns inga uppgifter om eventuella personskador.","Trafikolycka, vilt",3
"Under morgonen har två viltolyckor utan personskada inrapporterats till polisen. Den ena, med ett rådjur, inträffade på E4 Måttsundsronningen i Luleå. Den andra, en renpåkörning, inträffade på riksväg 907 Rimjokk, Jokkmokk.","Trafikolycka, vilt",3
"Övrigt: Två renpåkörningar och en viltolycka har rapporterats till polisen under natten, de inträffade på länsväg 609 Mellanström samt i Varasviken i Arjeplog och på Långnäsvägen i Lillpite, Piteå. Inga personskador har uppstått.","Trafikolycka, vilt",3
"Två viltolyckor och en renpåkörning har anmälts till polisen under natten (i Jokkmokk, Pajala och Övertårneå). Inga personskador har rapporterats.","Trafikolycka, vilt",3
Lugnt i länet,Fylleri/LOB,3
Lugn natt så långt i Norrbotten,Övrigt/oklassificerad,3
En viltolycka har anmälts till polisen under natten och morgonen. Det finns inga rapporter om personskador.,"Trafikolycka, vilt",3
En viltolycka har anmälts till polisen under morgonen. Det finns inga rapporter om personskador.,"Trafikolycka, vilt",3
"Övrigt: Tre viltolyckor utan personskador har rapporterats till polisen. De inträffade på riksväg 97 Sävastnäs, Boden och i Djupträsk, Boden samt på länsväg 533/Svedjevägen i Glommersträsk, Arvidsjaur.","Trafikolycka, vilt",3
"Övrigt: Två renpåkörningar och en viltolycka har inrapporterats till polisen under natten och morgonen. De inträffade på länsväg 374 Tvärån, Älvsbyns kommun, på E10 Kuosanen, Kiruna kommun och i Hälleström, Piteå kommun. Inga personskador uppstod.","Trafikolycka, vilt",3
"Övrigt: Tre viltolyckor har inträffat mellan klockan 22.00 och 07.00, det finns inga uppgifter om att några personskador har uppstått.","Trafikolycka, vilt",3
Övrigt: Tre viltolyckor utan personskador har anmälts till polisen under natten.,"Trafikolycka, vilt",3
"Övrigt: Tre viltolyckor har inrapporterats till polisens ledningscentral. En skedde på riksväg 97 Jokkmokks centrum, en på E10 Alttajärvi, Kiruna kommun samt en på länsväg 398 Hällfors, Kalix kommun. Inga personskador har rapporterats.","Trafikolycka, vilt",3
"Övrigt: Tre viltolyckor har inrapporterats till polisens ledningscentral under sen kväll och morgon. En skedde på länsväg 573/Fallbrovägen, Norrfjärden, Piteå kommun, en på riksväg 97/Sjukhusvägen i Södra Sunderbyn, Luleå kommun samt en på länsväg 383 Vibbyn, Bodens kommun. Inga personskador har uppstått.","Trafikolycka, vilt",3
"Övrigt: Tre viltolyckor har inträffat i Norrbottens län under sen kväll och natt. Det finns inga uppgifter om personskador. Två personer har omhändertagits enligt LOB, lagen om omhändertagande av berusade personer.","Trafikolycka, vilt",3
Övrigt: Tre viltolyckor har inträffat i Norrbottens län under kvällen och natten. Det finns inga uppgifter om personskador.,"Trafikolycka, vilt",3
Tre viltolyckor har anmälts till polisen under natten och morgonen. Det finns inga uppgifter om personskador i samband med olyckorna.,"Trafikolycka, vilt",3
"Tre viltolyckor har anmälts till polisen under natten och morgonen. Vid två av olyckorna finns det inga uppgifter om personskador. Vid den tredje uppges det att personskador uppstått, men inte vilka.","Trafikolycka, vilt",3
Tre viltolyckor utan personskador har rapporterats in till polisen under natten.,"Trafikolycka, vilt",3
Tre viltolyckor har anmälts till polisen under natten och morgonen. Det finns inga uppgifter om att personskador ska ha uppstått i samband med olyckorna.,"Trafikolycka, vilt",3
"Övrigt: Under natt och tidig morgon har tre viltolyckor/renpåkörningar utan personskador rapporterats till polisen. De inträffade på E10 Mertainen, Vittangi, Kiruna kommun, på riksväg 94 Pålsträsk, Älvsbyns kommun samt på E10/E45 i Gällivare.","Trafikolycka, vilt",3
"Övrigt: Under natt och tidig morgon har totalt tre viltolyckor inrapporterats till polisens ledningscentral. En skedde i Jukkasjärvi, Kiruna kommun, en i Sjulsmark, Piteå kommun samt en i Norra Storfors, Älvsbyns kommun.Det finns inga rapporter om personskador.","Trafikolycka, vilt",3
Tre viltolyckor har anmälts till polisen under natten (i Pajala och Kiruna). Inga personskador har rapporterats.,"Trafikolycka, vilt",3
Tre viltolyckor har anmälts till polisen under morgonen. Inga personskador har rapporterats.,"Trafikolycka, vilt",3
"Tre renpåkörningar har skett under natten, en på E4 vid Aavajärvikorsningen, Haparanda. En på E45 i Övre Soppero samt en på E10 vid Leipitunturi, Gällivare.","Trafikolycka, vilt",3
"Tre viltolyckor har rapporterats in till polisen under natten. De har skett på Länsväg 666, Björkberg, Boden, på Länsväg 392, Överkalix och på Länsväg 356, Heden, Boden. Inga personskador finns rapporterade.","Trafikolycka, vilt",3
Tre viltolyckor har anmälts till polisen under natten och tidig morgon. Inga personskador rapporteras i samband med olyckorna.,"Trafikolycka, vilt",3
Tre viltolyckor har anmälts till polisen under natten. Det finns inga uppgifter om personskador.,"Trafikolycka, vilt",3
"Övrigt: Tre viltolyckor har anmälts till polisen under tidig morgon. En personbil kolliderar med rådjur på riksväg 99 mellan Ruskola och Övertorneå, en personbil kolliderar med älg på Bälingevägen i Luleå och en personbil kolliderar med rådjur på riksväg 97, Sävast.","Trafikolycka, vilt",3
Övrigt: Tre viltolyckor har anmälts till polisen under natten. Inga personskador rapporteras i samband med olyckorna.,"Trafikolycka, vilt",3
Övrigt: Tre viltolyckor har anmälts till polisen mellan 00:00 och 07:00. Inga personskador rapporteras.,"Trafikolycka, vilt",3
Övrigt: Tre renpåkörningar har anmälts till polisen under natten. Inga personskador rapporteras.,"Trafikolycka, vilt",3
lagen om omhändertagande av berusade personer,Narkotikabrott,3
"Övrigt: Tre viltolyckor har anmälts till polisens ledningscentral. En skedde i Älvsbyns centrum, en i Degerbäcken, Boden och en på riksväg 95, Arvidsjaur. I den senaste olyckan fick föraren uppsöka sjukvård för kontroll.","Trafikolycka, vilt",3
(tom),Trafikkontroll,3
(tom),Trafikolycka,3
(tom),Skadegörelse,2
(tom),"Trafikolycka,  vilt",2
lagen om omhändertagande av berusade personer,Misshandel,2
Övrigt: En viltolycka utan personskador har rapporterats in till polisen under natten.,"Trafikolycka, vilt",2
Lugnt i länet,"Trafikolycka,  vilt",2
"Två viltolyckor har anmälts till polisen under natten och morgonen. De inträffade på E10 i Gällivare kommun och på E10 i Överkalix kommun. Det finns inga rapporter om personskador. Det har också anmälts att en skadad renkalv befinner sig vid vägrenen på riksväg 99 i Pajala kommun, berörd sameby kontaktas.","Trafikolycka, vilt",2
Två viltolyckor har anmälts till polisen under morgonen. Det finns inga rapporter om personskador.,"Trafikolycka, vilt",2
En viltolycka i Jokkmokks kommun har anmälts till polisen under natten. Det finns inga rapporter om personskador.,"Trafikolycka, vilt",2
"En viltolycka har skett i östra Norrbotten, inga personskador.","Trafikolycka, vilt",2
Två viltolyckor har anmälts under natten och morgonen. Inga personer har skadats i olyckorna.,"Trafikolycka, vilt",2
"Övrigt: Två viltolyckor har inträffat i Norrbottens län under natten, en i Vuollerim, Jokkmokks kommun och en i Arjeplogs kommun. Ingen person kom till skada.","Trafikolycka, vilt",2
Övrigt: Två viltolyckor har anmälts till polisen under tidig morgon. Inga personskador rapporteras i samband med olyckorna.,"Trafikolycka, vilt",2
Övrigt: Två viltolyckor har anmälts till polisen under natten. Inga personskador rapporteras.,"Trafikolycka, vilt",2
Två viltolyckor har anmälts till polisen under tidig morgon. Inga personer har skadats i olyckorna.,"Trafikolycka, vilt",2
Två viltolyckor har hittills inträffat.,"Trafikolycka, vilt",2
Två viltolyckor har anmälts till polisen under natten. Inga personskador.,"Trafikolycka, vilt",2
"Två viltolyckor har hittills inträffat under natten, inga personskador rapporterade.","Trafikolycka, vilt",2
Två viltolyckor har anmälts till polisen under natten. Det finns inga uppgifter om personskador.,"Trafikolycka, vilt",2
Två viltolyckor har anmälts till polisen under natten och morgonen. Vid ena olyckan tar sig föraren på egen hand till sjukvård på grund av smärta i nacken. Vid den andra olyckan finns inga rapporter om personskador.,"Trafikolycka, vilt",2
"Två viltolyckor har inträffat i länet, det finns inga uppgifter om personskador.","Trafikolycka, vilt",2
Två viltolyckor har inträffat i länet under natten.,"Trafikolycka, vilt",2
"Två viltolyckor har inträffat i länet under natten, det finns inga uppgifter om att några personskador har uppkommit.","Trafikolycka, vilt",2
Två viltolyckor har inträffat i Norrbotten under natt och tidig morgon. Inga personskador har uppkommit.,"Trafikolycka, vilt",2
Två viltolyckor med älg har inträffat. Inga personskador rapporterade.,"Trafikolycka, vilt",2
"Övrigt: Ytterligare två viltolyckor har inträffat i Norrbottens län under natt och morgon, en i Jokkmokks kommun och en i Arvidsjaurs kommun. Inga personskador har uppstått.","Trafikolycka, vilt",2
(tom),Inbrott,2
(tom),Olovlig körning,2
det har varit en natt med relativt få ärenden,"Trafikolycka,  vilt",2
"Utöver detta har vi bland annat kontrollerat fem personer eller fordon, hanterat två viltolyckor utan personskada och hanterat tre ärenden gällande psykisk ohälsa.","Trafikolycka, vilt",2
Två viltolyckor utan personskada har hittills inträffat.,"Trafikolycka, vilt",2
"Två viltolyckor under natten, inga personskador.","Trafikolycka, vilt",2
Två viltolyckor har rapporterats till polisen under natten. Inga personer ska ha skadats i olyckorna.,"Trafikolycka, vilt",2
En viltolycka har anmälts till polisen under natten. Inga personskador.,"Trafikolycka, vilt",2
"Kl 00:00-07:00, det har varit en natt med låg arbetsbelastning. Två viltolyckor har anmälts till polisen under natten. Inga personskador.","Trafikolycka, vilt",2
Två viltolyckor har anmälts till polisen under natten och morgonen. Det finns inga uppgifter om personskador.,"Trafikolycka, vilt",2
Två viltolyckor har anmälts till polisen under natten och morgonen. Det finns ingen information om att de har resulterat i personskador.,"Trafikolycka, vilt",2
Två viltolyckor har anmälts till polisen under natten och morgonen. Det finns inga uppgifter om personskador vid någon av olyckorna.,"Trafikolycka, vilt",2
Två viltolyckor har inträffat under natten (se nedan).,"Trafikolycka, vilt",2
Två viltolyckor har rapporterats under natten och morgonen.,"Trafikolycka, vilt",2
24:00 sammanfattning RLC befäl Mathias Borin,Övrigt/oklassificerad,1
08 :00,Fylleri/LOB,1
06:00 (få ärenden under natten),Övrigt/oklassificerad,1
Abisko,Fjällräddning,1
Björkberget. Fordonet fick skador i fronten men inga personskador rapporterades,"Trafikolycka,  vilt",1
COOP Kungsgatan,Fylleri/LOB,1
Arbujävri,Fjällräddning,1
Anmälare som hört höga smällar på Hertsön. ingen brottsmisstanke efter att patrull kollat av området,Övrigt/oklassificerad,1
E4 Vånafjärden,Trafikolycka,1
"E4, Törevägen",Brand,1
därefter ska åklagare fatta beslut om mannen ska anhållas,Fylleri/LOB,1
En lugn natt i länet,Övrigt/oklassificerad,1
eftersöksjägare utkallad,"Trafikolycka,  vilt",1
förverkat alkohol från ungdomar samt kontrollerat ett antal personer och fordon som inte resulterat i någon brotts,Misshandel,1
E4 Notviken,Brand,1
Arvudsjaur,Misshandel,1
samebyn informerad,"Trafikolycka,  vilt",1
två viltolyckor har anmälts till polisen under natten,Misshandel,1
"uppgavs det vara stopp i trafiken, i båda riktningar",Övrigt/oklassificerad,1
utanför Happaranda,Misshandel,1
utanför Lomträsk,Olaga hot,1
varav en har skjutsats hem till vårdnadshavare och tre till sjukvården. Polisen har även kontrollerat ett antal personer och fordon som inte resulterat i någon brottsmisstanke samt hante,Fylleri/LOB,1
varav en misstänks för våld,Fylleri/LOB,1
varav en misstänks för våldsamt,Fylleri/LOB,1
varav två överlämnats till vårdnadshavare,Fylleri/LOB,1
Älsbyn,Brand,1
"Älvbyn, en anmälan upprättas",Misshandel,1
"Östra norrbotten, larm inkommer om bråk i bostad patrull anträffar en man i 20 årsldern som överlämnas till sjukvården",Övrigt/oklassificerad,1
Övertårneå,Trafikolycka,1
"Övrigt: En renpåkörning utan personskada har rapporterats till polisen. Den inträffade på E45 Stenträsk, Jokkmokks kommun.","Trafikolycka, vilt",1
06.00 sammanfattning kommunikatör Markus Isacson,Övrigt/oklassificerad,1
(tom),Våld/hot mot tjänsteman,1
"Polisen kontaktas gällande en viltolycka i Vistbacka, Visträsk i Älvsbyns kommun. En personbil har kolliderat med ett rådjur. Inga personskador har uppstått. Efetrsöksjägare kallas ut för att kontrollera djuret.","Trafikolycka, vilt",1
Polis stoppar en personbil och mannen som framför fordonet är berusad. Mannen som är i 50-årsåldern får följa med för sedvanlig provtagning och blir släppt därefter. Polisen omhändertog mannens bilnycklar med anledning av brottet,Narkotikabrott,1
Pite Havsbad,Olovlig körning,1
Notisen för natten kommer nu inte uppdateras något mer,Övrigt/oklassificerad,1
"Norrfjärden Luleå, Piteå",Rattfylleri,1
Norrbotten,Misshandel,1
Norrbotten,Fylleri/LOB,1
Norrbotten,Bedrägeri,1
"Norra Bussgatan, Malmberget",Rattfylleri,1
Normalt inflöde. Inga allvarliga våldsbrott eller olyckor,Övrigt/oklassificerad,1
Natten i länet har varit lugn i länet,Övrigt/oklassificerad,1
"Natten i länet har präglats av fylleriärenden, utöver detta så har natten varit lugn",Övrigt/oklassificerad,1
Natten i Norrbotten har så långt varit väldigt lugn,Övrigt/oklassificerad,1
Natten har varit väldigt lugn i Norrbotten,Övrigt/oklassificerad,1
"Natten har varit lugn i länet, inget övrigt att rapportera om",Övrigt/oklassificerad,1
Natten har varit fortsatt lugn i länet. Om inget nytt ikommer till Polisen så kommer notisen ej uppdatteras mer inatt,Övrigt/oklassificerad,1
Nattavaara,Räddningsinsats,1
Malmberget,Narkotikabrott,1
Malmberget,Inbrott,1
"Lv 506, Pitholm",Övrigt/oklassificerad,1
Luleås innerstad,Stöld,1
Luleås innerstad,Djur,1
"Luleå, Boden",Olaga hot,1
"Lugnt i länet, inget att rapportera","Trafikolycka,  vilt",1
"Övrigt: Under natten har en viltolycka med älg inrapporterats till polisen, den inträffade i Vistträsk, Älvsbyns kommun. Ingen person kom till skada.","Trafikolycka, vilt",1
"Övrigt: Under natten har en viltolycka inrapporterats till polisen, den inträffade på länsväg 805 i Vajkijaur, Jokkmokks kommun. Inga personskador uppstod.","Trafikolycka, vilt",1
Övrigt: Under natten har en renpåkörning inrapporterats till polisens ledningscentral. Den inträffade på riksväg 95 mellan Arvidsjaur och Arjeplog. Inga personskador uppstod.,"Trafikolycka, vilt",1
Övrigt: En viltolycka utan personskador har anmälts till polisen under natten.,"Trafikolycka, vilt",1
"Övrigt: En viltolycka utan personskada har rapporterats till polisen. Den inträffade på riksväg 97 Svartbyn, Sävast i Bodens kommun.","Trafikolycka, vilt",1
Övrigt: En viltolycka utan personskador har anmälts till polisen under morgonen.,"Trafikolycka, vilt",1
"Övrigt: En viltolycka har inrapporterats under morgonen, den skedde på E45 Vajmat, Jokkmokks kommun. Det finns inga uppgifter om eventuella personskador.","Trafikolycka, vilt",1
"Övrigt: En viltolycka utan personskada har inträffat på riksväg 95 Aspnäs, Arjeplogs kommun.","Trafikolycka, vilt",1
lagen om omhändertagande av berusade personer. Polisen har även kontrollerat ett antal personer och fordon som inte resulterat i någon br,Fylleri/LOB,1
hämntade en glad ägare sin hund,Övrigt/oklassificerad,1
Happaranda,Rattfylleri,1
Hertsön,Skadegörelse,1
Inget nytt att rapportera om,Övrigt/oklassificerad,1
Haparand,Brand,1
Inga akuta händelser att rapportera,Övrigt/oklassificerad,1
Polisen kontaktas gällande en viltolycka i Vuollerim. En bil ska ha kört på två älgar. Det är oklart om någon person har skadats i olyckan. Ingen person är kvar på platsen när polisen kommer dit. Älgarna flyttas från vägen.,"Trafikolycka, vilt",1
Sammanfattningsvis en natt med få akuta ärenden i länet,Övrigt/oklassificerad,1
Sammanfattningsvis har kvällen och början på natten varit betydligt lugnare än normalt. God natt!,Övrigt/oklassificerad,1
"Skeppsbrogatan, Skomakargatan",Misshandel,1
"Polisen larmas om en viltolycka på länsväg 573, Pålmark, Norrfjärden. En person, föraren, förs till sjukvård med ambulans. Skadeläget är oklart. Polisen har varit på plats och pratat med föraren.","Trafikolycka, vilt",1
Pältsastugan,Fjällräddning,1
På grund av hög arbetsbelastning kommer ingen sammanfattning förrän kommunikationsansvariga kommer på morgonen,Övrigt/oklassificerad,1
"Polisen kontakts gällande en viltolycka på Kallaxvägen. En personbil har kolliderat med en älg. Föraren förs till sjukvård med ambulans, skadeläget är okänt. Polisen har varit på plats.","Trafikolycka, vilt",1
"Polisen kontaktas gällande en viltolycka på riksväg 94, Tjärnbacken, Älvsbyns kommun. En bil har kolliderat med en älg. Älgen är död. Föraren ska inte vara i behov av akut sjukvård.","Trafikolycka, vilt",1
"Sökandet avbryts för natten, polisen kommer återuppta sökandet på förmiddagen med dykare från sjöpolisen",Övrigt/oklassificerad,1
Sundsvall,Skadegörelse,1
Sunderbyn sjukhus,Fylleri/LOB,1
Sunderbyn,Rattfylleri,1
"Skyldigheten gäller älg, rådjur, hjort, vildsvin, björn, varg, järv, lo, utter, örn och mufflonfår. Att inte anmäla en viltolycka med nämnda djur är straffbart och kan ge böter.","Trafikolycka, vilt",1
"Trafikkontroller, Boden och Luleå",Övrigt/oklassificerad,1
Tjålle Siikavuopio,Fjällräddning,1
"Torneträsk hållplats, man som på skoter kört in i byggnad. Mannen kör sedan från platsen men kör fast längre in i skogen. Skoterföraren",Rattfylleri,1
"Sökandet fortsätter, räddningstjänst kommer åka ut till platsen med en båt som polisiära resurser kan använda sig av",Övrigt/oklassificerad,1
"En man i 35-årsåldern i östra Norrbotten har under natten gripits misstänkt för att ha misshandlat två kvinnor, varav en är närstående. Det finns inga uppgifter om ifall någon behövt föras till sjukvård. Förhör hålls och en anmälan upprättas.",Misshandel,1
"Gällivare, Kiruna",Stöld,1
"Gällivare, Luleå och Piteå). Polisen har även utfört ett flertal kontroller av personer och fordon som inte resulterat i någo",Fylleri/LOB,1
Halt på vägarna och mycket vilt i rörelse runt om i länet så polisen uppmanar allmänheten att ta det lugnt i trafiken,Övrigt/oklassificerad,1
Halt väglag,Övrigt/oklassificerad,1
RV97 Sävastnäs,"Trafikolycka,  vilt",1
"Resten av natten har varit lugn i länet, Godmorgon och godnatt",Övrigt/oklassificerad,1
En viltolycka har anmälts under natten. Inga personskador har rapporterats.,"Trafikolycka, vilt",1
En viltolycka har anmälts till polisen under tidig morgon. Inga personskador har rapporterats.,"Trafikolycka, vilt",1
En viltolycka har anmälts till polisen under natten. Inga personer har skadats i olyckan.,"Trafikolycka, vilt",1
En viltolycka har anmälts till polisen under morgonen. Inga personskador.,"Trafikolycka, vilt",1
"En viltolycka anmäls till polisen, en lastbil har kolliderat med en älg på länsväg 818 vid Abborrträsket. Inga personskador, älgen är död.","Trafikolycka, vilt",1
En viltolycka där en ren och en lastbil var inblandade är anmäld till polisen. Olyckan inträffade på länsväg 373 i höjd med Rengårdsheden. Det finns inga uppgifter om personskador. Det är oklart hur det gick för renen. Berörd sameby kontaktas.,"Trafikolycka, vilt",1
En viltolycka anmäldes i natt strax före klockan 01.30. En personbil och ett rådjur var inblandade i olyckan som inträffade på länsväg 597 vid Björsbyn. Det finns inga personskador rapporterade. Eftersöksjägare kontaktades för att kontrollera hur det gick för djuret.,"Trafikolycka, vilt",1
En viltolycka (i Älvsbyn) och två kollisioner med ren (i Kiruna och Överkalix) har anmälts till polisen under natten. Inga personskador har rapporterats.,"Trafikolycka, vilt",1
Lugn natt i länet så här långt,Övrigt/oklassificerad,1
Lugn start på natten,"Trafikolycka,  vilt",1
Lugn natt i länet. Kommunikatör på plats på ledningscentralen från 07:00. God natt!,Övrigt/oklassificerad,1
Lugn natt i länet än så länge. Polisen har inget nytt att rapportera om,Övrigt/oklassificerad,1
Lugn natt,"Trafikolycka,  vilt",1
Lugn natt i Norrbotten så långt,Övrigt/oklassificerad,1
Lugn avslutning på natten,Övrigt/oklassificerad,1
"Luelå, Bergviken",Rattfylleri,1
"Kl 00:00-07:00, det har varit en natt med många ärenden (många kopplade till Piteå, se sammanfattningen här nedan). Tre personer i Luleå har omhändertagits för fylleri, en person misstänks för innehav av narkotika. En viltolycka har också anmälts till polisen under natten (Kallax, Luleå). Ingen person skadades i olyckan.","Trafikolycka, vilt",1
"LV97, Gammelstad",Trafikbrott,1
Kåbdalis,Olovlig körning,1
Kåbdalis,Misshandel,1
Kurravaara,Fjällräddning,1
Kuivakangas,Misshandel,1
Kossor på vägen. Notträsk,Övrigt/oklassificerad,1
"Kl 00:00-07:00, tre kollisioner med renar har anmälts till polisen under natten (på E10 i Gällivare och Överkalix). Utöver det har en viltolycka anmälts på riksväg 95 i Arjeplog. Inga personskador har rapporterats.","Trafikolycka, vilt",1
I Auktsjaur utanför Arvisjaur har ett hus fått utrymmas efter att det blivit rökfyllt. Boende i huset har lyckats ta sig ut. Det visade sig senare när patrullen och räddningstjänsten kommer till platsen att det rör sig om en torrkokning,Övrigt/oklassificerad,1
Just nu lugnt i hela Norrbottens län,Övrigt/oklassificerad,1
JUST NU LUGNT I NORRBOTTENS LÄN,Övrigt/oklassificerad,1
"En viltolycka utan personskada har rapporterats till polisen, den inträffade på riksväg 95 Jäkkvik, Arjeplogs kommun.","Trafikolycka, vilt",1
"En viltolycka har inträffat, inga personskador rapporterade.","Trafikolycka, vilt",1
"En viltolycka har inträffat under natten, inga rapporterade personskador.","Trafikolycka, vilt",1
En viltolycka har anmälts under natten. Inga personskador.,"Trafikolycka, vilt",1
"En viltolycka har hittills inträffat, inga personskador rapporterade.","Trafikolycka, vilt",1
Fortsatt lugnt,Stöld,1
Ersboda,Rattfylleri,1
Försök till tillgrepp av fortskaffningsmedel. Samtal om att någon försöker stjäla en moped på Stadsberget. När polis kommer till platsen finns ingen kvar men mopeden som är tjuvkopplad står och går. Patrull har upprättat anmälan,Övrigt/oklassificerad,1
En viltolyckor har anmälts till polisen under natten. Det finns inga rapporter om personskador.,"Trafikolycka, vilt",1
En viltolycka utanför Hedberg anmäls till polisen. En ren och en personbil är inblandade. Det finns inga uppgifter om personskador. Det är oklart hur det gick för renen. Berörd sameby kontaktas.,"Trafikolycka, vilt",1
En viltolycka utan personskador har inträffat i länet under natten.,"Trafikolycka, vilt",1
En viltolycka inträffade på Riksväg 95 mellan Abborrträsk och Glommersträsk. En bil har kört på en ren. Ingen person skadades. Samebyn kontaktas.,"Trafikolycka, vilt",1
En viltolycka inträffade på södra Altervägen när ett fordon kolliderade med en älg. Ingen person ska ha kommit till skada. Älgen sprang efter olyckan mot Norrfjärden. Eftersöksjägare tillkallas.,"Trafikolycka, vilt",1
"En viltolycka med en ren har inträffat, inga personskador rapporterade.","Trafikolycka, vilt",1
En viltolycka norr om Svanstein har anmälts till polisen under morgonen. Det finns inga rapporter om personskador.,"Trafikolycka, vilt",1
En viltolycka på E10 vid Jukkasjärvikorsningen anmäls till polisen. En ren och en personbil är inblandade. Det finns inga uppgifter om personskador. Renen dog och berörd sameby kontaktas.,"Trafikolycka, vilt",1
En viltolycka på E10 vid Kauppinen anmäls till polisen. En personbil och en älg är inblandade. Föraren har ont i nacken enligt tillgängliga uppgifter. Eftersöksjägare kontaktas för att kontrollera hur det gick för älgen.,"Trafikolycka, vilt",1
"En viltolycka på riksväg 97 vid Mattisudden, Jokkmokks kommun, har anmälts till polisen under natten. Det finns inga rapporter om personskador.","Trafikolycka, vilt",1
En viltolycka på riksväg 99 vid Korva har anmälts till polisen under natten och morgonen. Det finns inga rapporter om personskador.,"Trafikolycka, vilt",1
"En viltolycka under natten, inga personskador.","Trafikolycka, vilt",1
"Utöver detta har vi kontrollerat två personer eller fordon, genomfört tre trafikkontroller, hanterat ett ärende gällande psykisk ohälsa och hanterat en viltolycka utan personskada.","Trafikolycka, vilt",1
bla,Trafikbrott,1
"anmäler en bussförare att han har kört på ett rådjur på Gunnarsbyvägen, Niemisel. Rådjuret lämnade platsen. En eftersöksjägare kallades dit. Inga personskador",Övrigt/oklassificerad,1
Vägen nu farbar och bussen bärgad från platsen,Övrigt/oklassificerad,1
Vittangi,Försvunnen person,1
det har varit en natt med relativt få ärenden. Polisen har kontrollerat ett antal personer och fordon som inte resulterat i någon brottsmisstanke,"Trafikolycka,  vilt",1
bland annat för att ha kört bil med körförbud. Polisen har även kontrollerat ett antal personer och fordon som,Trafikbrott,1
bland annat hastighetsöverträdelser. Polisen har även kontrollera,Trafikbrott,1
bland annat på grund av fordon med körförbud. Polisen har även kontrollerat ett antal personer och fordon som inte resulte,Trafikbrott,1
(tom),Rån,1
"Övrigt: Under natten har en viltolycka rapporterats till polisen, den inträffade på länsväg 356 Vändträsk, Bodens kommun. Inga personskador uppstod.","Trafikolycka, vilt",1
dock inga större polisiära händelser,Fylleri/LOB,1
(tom),Olaga hot,1
(tom),Arbetsplatsolycka,1
(tom),Försvunnen person,1
(tom),Fjällräddning,1
östra Norrbotten,Misshandel,1
