event_id,date,type_original,title_location,location_string,candidate_municipality,matched_places,min_training_count,max_training_count
24520,2017-04-13,Trafikkontroll,Norrbotten,"Luleå, Storheden, Kiruna, Boden, Arjeplog, Haparanda, Älvsbyn, Vitsand, Piteå, Abisko, Stordalen, Mattila, Gällivare, Norrbotten, Norrbottens län",Luleå,Storheden,8,8
27803,2017-05-10,Trafikkontroll,Norrbotten,"Luleå, Bergnäset, Måttsund, Arvidsjaur, Långträsk, Boden, Vittjärv, Gammelstad, Norrbotten, Norrbottens län",Luleå,Bergnäset | Gammelstad,5,5
29182,2017-05-22,Trafikkontroll,Norrbotten,"Bergnäset, Luleå, Sjulsmark, Piteå, Bälinge, Fokus, Norrbotten, Norrbottens län",Luleå,Bergnäset,5,5
76846,2018-06-21,Trafikkontroll,Norrbottens län,"Bredviksvägen, Bredviken, Kalix, Storheden, Luleå, Norrbottens län",Luleå,Storheden,8,8
122307,2019-06-07,Trafikkontroll,Norrbottens län,"Klarinettgatan, Öjebyn, Piteå, Bergnäsvägen, Bergnäset, Luleå, Haparandavägen, Bergviken, Sjulsmark, Arnemark, Klintvägen, Långnäs, Arvidsjaurvägen, Hemlunda, Glenn, Norrbotten, Nygårdsvägen, Nyborg, Kalix, Stengatan, Norrbottens län",Luleå,Bergnäset,5,5
123323,2019-06-15,Trafikkontroll,Norrbottens län,"Timmerleden, Piteå, Nygatan, Kalix, Älvbrovägen, Bergnäset, Luleå, Östra Kyrkallén, Gällivare, Jokkmokksvägen, Vittjärv, Boden, Svartövägen, Bergviken, Norrbottens län",Luleå,Bergnäset,5,5
133004,2019-09-14,Trafikkontroll,Norrbottens län,"Norrbotten, Älvsbyn, Gällivare, Storheden, Luleå, Boden, Kiruna, Norrbottens län",Luleå,Storheden,8,8
141609,2019-11-26,Trafikkontroll,Norrbottens län,"Rutvik, Luleå, Råneå, Kälsjärv, Kalix, Boden, Kraftstation, Öjebyn, Piteå, Norrbottens län",Luleå,Rutvik,6,6
141738,2019-11-27,Trafikkontroll,Norrbottens län,"Norrbotten, Lulevägen, Industrivägen, Torpgärdan, Södra Bredåker, Boden, Skolgatan, Älvsbyn, Drottninggatan, Bryggargatan, Mariebergsvägen, Gammelstad, Bensbyvägen, Björkskatan, Norrbottens län",Luleå,Gammelstad,5,5
142957,2019-12-07,Trafikkontroll,Norrbottens län,"Norrbotten, Luleå, Boden, Älvsbyn, Kalix, Niemisel, Storheden, Norrbottens län",Luleå,Storheden,8,8
143189,2019-12-09,Trafikkontroll,Norrbottens län,"Storheden, Luleå, Centrumvägen, Kalix, Föreningsgatan, Kiruna, Norrbottens län",Luleå,Storheden,8,8
144565,2019-12-20,Trafikkontroll,Norrbottens län,"Luleå, Älvbrovägen, Bergnäset, Boden, Drottninggatan, Norrbottens län",Luleå,Bergnäset,5,5
146456,2020-01-08,Trafikkontroll,Norrbottens län,"Norrbotten, Övertorneå, Hertsövägen, Luleå, Storheden, Bergnäset, Sanden, Boden, Öjebyn, Piteå, Bussgata, Sävast, Norrbottens län",Luleå,Bergnäset | Storheden,5,8
146888,2020-01-11,Trafikkontroll,Norrbottens län,"Storheden, Luleå, Geologgatan, Kiruna, Drottninggatan, Boden, Norrbottens län",Luleå,Storheden,8,8
147257,2020-01-14,"Trafikolycka,  vilt",Norrbottens län,"Luleå Kommun, Älvbrovägen, Bergnäset, Haparanda Kommun, Norrbottens län",Luleå,Bergnäset,5,5
164270,2020-06-18,Trafikkontroll,Norrbottens län,"Boden, Piteå, Luleå, Storheden, Arjeplog, Mellanström, Norrbottens län",Luleå,Storheden,8,8
166264,2020-07-11,Trafikkontroll,Norrbottens län,"Piteå, Timmerleden, Luleå, Storheden, Södra Sunderbyn, Norrbottens län",Luleå,Storheden,8,8
170143,2020-08-20,Trafikkontroll,Norrbottens län,"Norrbotten, Hertsövägen, Ringgatan, Skurholmen, Luleå, Mariebergsvägen, Gammelstad, Sangis, Haparanda, Norrbottens län",Luleå,Gammelstad,5,5
172813,2020-09-14,Trafikkontroll,Norrbottens län,"Norrbotten, Kirunagatan, Koskullskulle, Gällivare, Porjusvägen, Fjällnäs, Piteå, Vitsand, Gammelstad, Luleå, Töre, Kalix, Haparanda, Lombololeden, Vittjärv, Boden, Morjärv, Norrbottens län",Luleå,Gammelstad,5,5
177501,2020-10-28,Trafikkontroll,Norrbottens län,"Norrbotten, Norrbottensvägen, Trångfors, Boden, Storheden, Luleå, Björkskatan, Norrbottens län",Luleå,Storheden,8,8
179603,2020-11-17,Trafikbrott,Norrbottens län,"Norrbotten, Storheden, Luleå, Kalix, Norrbottens län",Luleå,Storheden,8,8
180443,2020-11-25,Trafikkontroll,Norrbottens län,"Mariebergsvägen, Gammelstad, Luleå, Sävast, Boden, Öjebyn, Piteå, Bosvedjan, Norrbottens län",Luleå,Gammelstad,5,5
180869,2020-11-29,Trafikkontroll,Norrbottens län,"Norrbotten, Notviken, Luleå, Bosvedjan, Boden, Gammelstad, Piteå, Lerbäcken, Norrbottens län",Luleå,Gammelstad,5,5
188738,2021-02-13,Trafikkontroll,Norrbottens län,"Sävast, Boden, Mariebergsvägen, Gammelstad, Luleå, Hjalmar Lundbohmsvägen, Kiruna, Norrbottens län",Luleå,Gammelstad,5,5
188813,2021-02-14,Trafikkontroll,Norrbottens län,"Källbogatan, Annelund, Piteå, Mariebergsvägen, Gammelstad, Luleå, Boden, Degernäs, Norrbottens län",Luleå,Gammelstad,5,5
190075,2021-02-25,Trafikkontroll,Norrbottens län,"Norrbotten, Storheden, Luleå, Adolf Hedinsvägen, Kiruna, Storhedsvägen, Notviken, Norrbottens län",Luleå,Storheden,8,8
191633,2021-03-12,Trafikkontroll,Norrbottens län,"Norrbotten, Gammelstad, Luleå, Buddbyn, Boden, Heden, Norrbottens län",Luleå,Gammelstad,5,5
195545,2021-04-20,Trafikkontroll,Norrbottens län,"Kalix, Nyborgsvägen, Luleå, Kiruna, Tuolluvaara, Piteå, Munksundsvägen, Skuthamn, Haparandavägen, Rutvik, Norrbottens län",Luleå,Rutvik,6,6
195731,2021-04-22,Trafikkontroll,Norrbottens län,"Norrbotten, Piteå, Mossen, Luleå, Gammelstad, Norrbottens län",Luleå,Gammelstad,5,5
195884,2021-04-23,Trafikkontroll,Norrbottens län,"Norrbotten, Boden, Övre Svartlå, Luleå, Gammelstad, Norrbottens län",Luleå,Gammelstad,5,5
196301,2021-04-27,Trafikkontroll,Norrbottens län,"Luleå, Kraftverksvägen, Storhedsvägen, Notviken, Boden, Moråsvägen, Moråsleden, Storsandsvägen, Storheden, Älvsbyn, Jägargatan, Parkgatan, Långberget, Norrbottens län",Luleå,Storheden,8,8
197208,2021-05-04,Trafikkontroll,Norrbottens län,"Norrbotten, Kalix Kommun, Töre, Luleå Kommun, Gammelstad, Gällivare Kommun, Nuolajärvivägen, Norrbottens län",Luleå,Gammelstad,5,5
199054,2021-05-20,Trafikkontroll,Norrbottens län,"Norrbotten, Boden, Bergnäset, Luleå, Hertsön, Nyborgsvägen, Kalix, Alvik, Roknäs, Piteå, Norrbottens län",Luleå,Bergnäset,5,5
201230,2021-06-08,Trafikbrott,Norrbottens län,"Norrbotten, Kiruna, Luleå, Piteå, Övertorneå, Gammelstad, Högsta, Haparanda, Norrbottens län",Luleå,Gammelstad,5,5
202152,2021-06-17,Trafikkontroll,Norrbottens län,"Norrbotten, Bergnäset, Arvidsjaur, Mattila, Arjeplog, Kalix, Norrbottens län",Luleå,Bergnäset,5,5
202291,2021-06-18,Trafikkontroll,Norrbottens län,"Piteå, Böle, Luleå, Granuddsvägen, Bergnäset, Boden, Råbäcken, Gammelstad, Gällivare, Kiruna, Notviken, Norrbottens län",Luleå,Bergnäset | Gammelstad,5,5
202326,2021-06-18,Trafikkontroll,Norrbottens län,"Norrbotten, Björkskatan, Luleå, Rutvik, Moskojärvi, Gällivare, Norrbottens län",Luleå,Rutvik,6,6
202418,2021-06-19,Trafikkontroll,Norrbottens län,"Kiruna, Luleå, Bensbyvägen, Bensbyn, Piteå, Norra Ringen, Djupviken, Bergnäset, Kallaxvägen, Laxforsen, Gällivare, Kalix, Vitvattenvägen, Norrbottens län",Luleå,Bergnäset,5,5
207468,2021-08-13,Trafikkontroll,Norrbottens län,"Luleå, Mariebergsvägen, Gammelstad, Älvbrovägen, Bergnäset, Piteå, Öjebyn, Gällivare, Vallmovägen, Heden, Norrbottens län",Luleå,Bergnäset | Gammelstad,5,5
207749,2021-08-17,Trafikkontroll,Norrbottens län,"Piteå, Lidgatan, Svartuddsvägen, Strömnäs, Boden, Moråsleden, Luleå, Mariebergsvägen, Gammelstad, Norrfjärden, Norrbottens län",Luleå,Gammelstad,5,5
207982,2021-08-19,Trafikkontroll,Norrbottens län,"Olof Palmes Gata, Piteå, Hortlaxvägen, Mariebergsvägen, Gammelstad, Luleå, Sundom, Sveavägen, Boden, Sturegatan, Gamla Lulevägen, Södra Svartbyn, Åbergsleden, Norrbottens län",Luleå,Gammelstad,5,5
208003,2021-08-19,Trafikkontroll,Norrbottens län,"Luleå, Hertsövägen, Örnäset, Boden, Moråsleden, Erikslund, Mariebergsvägen, Gammelstad, Norrbottens län",Luleå,Gammelstad,5,5
208068,2021-08-20,Trafikkontroll,Norrbottens län,"Norrbotten, Arvidsjaur, Västlundavägen, Järnvägsgatan, Boden, Gällivare, Luleå, Mariebergsvägen, Gammelstad, Pajala, Mukkakangas, Norrbottens län",Luleå,Gammelstad,5,5
208918,2021-08-28,Trafikkontroll,Norrbottens län,"Mjösjön, Boden, Älvbrovägen, Bergnäset, Luleå, Övertorneå, Norrbottens län",Luleå,Bergnäset,5,5
209505,2021-09-02,Trafikkontroll,Norrbottens län,"Boden, Travbaneleden, Sanden, Luleå, Storheden, Vittjärv, Norrbottens län",Luleå,Storheden,8,8
210812,2021-09-14,Trafikkontroll,Norrbottens län,"Norrbotten, Karats, Jokkmokk, Jukkasjärvi, Kiruna Kommun, Dundret, Gällivare Kommun, Gammelstad, Luleå Kommun, Vittjärv, Boden, Norrbottens län",Luleå,Gammelstad,5,5
212530,2021-09-30,Trafikkontroll,Norrbottens län,"Luleå, Kronbacksvägen, Bredviken, Boden, Kungsbron, Arvidsjaur, Älvbrovägen, Gäddviken, Bergnäset, Norrbottens län",Luleå,Bergnäset,5,5
216398,2021-11-05,Trafikkontroll,Norrbottens län,"Boden, Luleå, Norrbottensvägen, Delfingatan, Besiktningsvägen, Storheden, Norrbottens län",Luleå,Storheden,8,8
217418,2021-11-15,Trafikkontroll,Norrbottens län,"Nya Älvvägen, Öjebyn, Piteå, Rutvik, Luleå, Boden, Garnisonen, Norrbottens län",Luleå,Rutvik,6,6
218472,2021-11-24,Trafikkontroll,Norrbottens län,"Luleå, Porsövägen, Porsön, Piteå, Lappnäsvägen, Hortlax, Storheden, Norrbottens län",Luleå,Storheden,8,8
219832,2021-12-06,Trafikkontroll,Norrbottens län,"Gällivare, Luleå, Storheden, Arjeplog, Storgatan, Kiruna, Mangigatan, Jäkkvik, Österleden, Norrbottens län",Luleå,Storheden,8,8
220757,2021-12-14,Trafikkontroll,Norrbottens län,"Norrbotten, Långberget, Boden, Annelund, Piteå, Öjebyn, Rutvik, Luleå, Norrbottens län",Luleå,Rutvik,6,6
220807,2021-12-15,Trafikkontroll,Norrbottens län,"Luleå, Torggatan, Råneå, Piteå, Högsta, Boden, Granuddsvägen, Bergnäset, Norrbottens län",Luleå,Bergnäset,5,5
221166,2021-12-18,Trafikkontroll,Norrbottens län,"Besiktningsvägen, Storheden, Luleå, Kurravaaravägen, Kiruna, Norrbottens län",Luleå,Storheden,8,8
222245,2021-12-30,Trafikkontroll,Norrbottens län,"Besiktningsvägen, Storheden, Luleå, Skuthamn, Piteå, Norrbottens län",Luleå,Storheden,8,8
222524,2022-01-02,Trafikkontroll,Norrbottens län,"Piteå, Luleå, Norra Ringen, Storhedsvägen, Storheden, Norrbottens län",Luleå,Storheden,8,8
224284,2022-01-20,Trafikkontroll,Norrbottens län,"Mariebergsvägen, Gammelstad, Luleå, Videplan, Kiruna, Norrbottens län",Luleå,Gammelstad,5,5
224950,2022-01-27,Trafikkontroll,Norrbottens län,"Norrbotten, Liggavägen, Jokkmokk, Storgatan, Arjeplog, Storheden, Luleå, Berggatan, Boden, Lulevägen, Norrbottens län",Luleå,Storheden,8,8
225788,2022-02-04,Trafikkontroll,Norrbottens län,"Nuolajärvivägen, Gällivare, Leipojärvi, Klintvägen, Lingonstigen, Luleå, Storheden, Drottninggatan, Boden, Norrbottens län",Luleå,Storheden,8,8
228978,2022-03-08,Trafikkontroll,Norrbottens län,"Norrbotten, Luleå, Mertainen, Kiruna, Bergnäset, Norrbottens län",Luleå,Bergnäset,5,5
229229,2022-03-11,Trafikkontroll,Norrbottens län,"Norrbotten, Rutvik, Luleå, Heden, Gällivare, Kiruna, Boden, Norrbottens län",Luleå,Rutvik,6,6
230906,2022-03-30,Trafikkontroll,Norrbottens län,"Norrbotten, Storheden, Luleå, Kiruna, Piteå, Norrbottens län",Luleå,Storheden,8,8
231207,2022-04-03,Trafikkontroll,Norrbottens län,"Luleå, Älvbrovägen, Bergnäset, Boden, Rotorvägen, Åbergsleden, Haparanda, Sangis, Överkalix, Norrbottens län",Luleå,Bergnäset,5,5
232362,2022-04-16,Trafikkontroll,Norrbottens län,"Norrbotten, Bälinge, Luleå, Vittjärv, Boden, Storheden, Norrbottens län",Luleå,Storheden,8,8
232432,2022-04-17,Trafikkontroll,Norrbottens län,"Norrbotten, Arjeplog, Skuthamn, Piteå Kommun, Boden, Bergnäset, Luleå, Katterjåkk, Kiruna Kommun, Bergsviken, Riksgränsen, Norrbottens län",Luleå,Bergnäset,5,5
232489,2022-04-18,Trafikkontroll,Norrbottens län,"Piteå, Harrbäcken, Boden, Hednoret, Arjeplog, Högsta, Överkalix, Racksund, Råbäcken, Sävast, Luleå, Cementvägen, Storheden, Norrbottens län",Luleå,Storheden,8,8
232548,2022-04-19,Trafikkontroll,Norrbottens län,"Luleå, Mariebergsvägen, Gammelstad, Boden, Gällivare, Cellulosavägen, Högsta, Kiruna, Luossajokivägen, Norskavägen, Sävast, Piteå, Älvsbyvägen, Orrbyn, Haparanda, Älvsbyn, Kalix, Järnvägsgatan, Krokvik, Messhedsvägen, Hedeberga, Norrbottens län",Luleå,Gammelstad,5,5
233118,2022-04-26,Trafikkontroll,Norrbottens län,"Piteå, Framnäsvägen, Nya Älvvägen, Kalix, Gällivare, Kullevägen, Koskullskulle, Näsbyn, Luleå, Storheden, Arjeplog, Slagnäs, Norrbottens län",Luleå,Storheden,8,8
233151,2022-04-26,Trafikkontroll,Norrbottens län,"Storsandsvägen, Gammelstad, Luleå, Övertorneå, Mosebackevägen, Malmberget, Gällivare, Nuolajärvivägen, Norrbottens län",Luleå,Gammelstad,5,5
233703,2022-05-02,Trafikkontroll,Norrbottens län,"Örnäset, Furunäset, Piteå, Luleå, Gällivare, Storheden, Pajala, Norrbottens län",Luleå,Storheden,8,8
233881,2022-05-04,Trafikkontroll,Norrbottens län,"Luleå, Storheden, Pajala, Junosuando, Hertsövägen, Boden, Garnisonsgatan, Norrbottens län",Luleå,Storheden,8,8
235140,2022-05-18,Trafikkontroll,Norrbottens län,"Norrbotten, Storheden, Luleå, Kiruna, Norrbottensvägen, Boden, Norrbottens län",Luleå,Storheden,8,8
235327,2022-05-20,Trafikkontroll,Norrbottens län,"Älvsbyn, Stationsgatan, Piteå, Sundsgatan, Sikfors, Luleå, Mariebergsvägen, Gammelstad, Norrbottens län",Luleå,Gammelstad,5,5
235395,2022-05-21,Trafikkontroll,Norrbottens län,"Norrbotten, Luleå, Storheden, Boden, Haparanda, Kiruna, Norrbottens län",Luleå,Storheden,8,8
236359,2022-06-01,Trafikkontroll,Norrbottens län,"Luleå, Björkgatan, Bergviken, Övägen, Gammelstad, Hemängsvägen, Södra Sunderbyn, Boden, Sturegatan, Sanden, Piteå, Arjeplog, Strömvägen, Norrbottens län",Luleå,Gammelstad,5,5
236463,2022-06-02,Trafikkontroll,Norrbottens län,"Luleå, Sörforsvägen, Råneå, Kalix, Piteå, Öjebyn, Storheden, Töre, Norrbottens län",Luleå,Storheden,8,8
236672,2022-06-04,Trafikkontroll,Norrbottens län,"Piteå, Gamla Lulevägen, Boden, Besiktningsvägen, Storheden, Luleå, Gällivare, Norrbottens län",Luleå,Storheden,8,8
236778,2022-06-06,Trafikkontroll,Norrbottens län,"Norrbotten, Norrbottensvägen, Boden, Hertsövägen, Älvbrovägen, Luleå, Piteå Kommun, Järnvägsgatan, Kalix, Bergnäset, Norrbottens län",Luleå,Bergnäset,5,5
237026,2022-06-09,Trafikkontroll,Norrbottens län,"Luleå, Stengatan, Bergnäset, Bodenvägen, Notviken, Kiruna, Föreningsgatan, Norrbottens län",Luleå,Bergnäset,5,5
237487,2022-06-14,"Trafikolycka,  vilt",Norrbottens län,"Luleå, Storheden, Gällivare, Ullatti, Norrbottens län",Luleå,Storheden,8,8
237794,2022-06-17,Trafikkontroll,Norrbottens län,"Luleå, Svartövägen, Ytterviksvägen, Bergviken, Storhedsvägen, Notviken, Storsandsvägen, Gammelstad, Haparanda, Boden, Sävastvägen, Kiruna, Rautas, Arvidsjaur, Storheden, Norrbottens län",Luleå,Gammelstad | Storheden,5,8
238361,2022-06-23,Trafikkontroll,Norrbottens län,"Norrbotten, Gällivare, Haparanda, Moråsleden, Boden, Rutvik, Norrbottens län",Luleå,Rutvik,6,6
238624,2022-06-27,Trafikkontroll,Norrbottens län,"Luleå, Storhedsvägen, Storheden, Sandnäset, Avan, Boden, Garvaregatan, Norrbottens län",Luleå,Storheden,8,8
240832,2022-07-25,Trafikkontroll,Norrbottens län,"Norrbotten, Örnäset, Luleå, Gällivare, Storheden, Norrbottens län",Luleå,Storheden,8,8
241351,2022-08-01,Trafikkontroll,Norrbottens län,"Norrbotten, Hertsövägen, Luleå, Svedjan, Boden, Storheden, Hakkas, Gällivare Kommun, Norrbottens län",Luleå,Storheden,8,8
242826,2022-08-19,Trafikkontroll,Norrbottens län,"Norrbotten, Rutvik, Luleå, Stengatan, Gällivare, Kiruna, Hortlaxvägen, Piteå, Vitåvägen, Avans Byaväg, Mattila, Haparanda, Norrbottens län",Luleå,Rutvik,6,6
243482,2022-08-27,Trafikkontroll,Norrbottens län,"Timmerleden, Piteå, Hertsövägen, Hertsön, Luleå, Delfingatan, Besiktningsvägen, Storheden, Inbyn, Boden, Norrbottens län",Luleå,Storheden,8,8
243533,2022-08-28,Trafikkontroll,Norrbottens län,"Sundsgatan, Piteå, Storsandsvägen, Gammelstad, Luleå, Sävast, Boden, Öarna, Norrbottens län",Luleå,Gammelstad,5,5
244048,2022-09-02,Trafikkontroll,Norrbottens län,"Norrbotten, Luleå, Boden, Älvbrovägen, Bergnäset, Norrbottens län",Luleå,Bergnäset,5,5
244472,2022-09-07,Trafikkontroll,Norrbottens län,"Gamla Lulevägen, Boden, Piteå, Inbyn, Haparandavägen, Rutvik, Luleå, Norrbottens län",Luleå,Rutvik,6,6
246038,2022-09-27,Trafikkontroll,Norrbottens län,"Norrbotten, Strömnäsgatan, Piteå, Gammelstad, Luleå, Lillbrogatan, Storgatan, Sturegatan, Boden, Norrbottens län",Luleå,Gammelstad,5,5
246430,2022-10-01,Trafikkontroll,Norrbottens län,"Norrbotten, Nordkalottvägen, Kiruna, Boden, Storheden, Luleå, Norrbottens län",Luleå,Storheden,8,8
247097,2022-10-10,Trafikkontroll,Norrbottens län,"Boden, Svalget, Älvsbyn, Västermalm, Haparanda, Luleå, Besiktningsvägen, Storheden, Norrbottens län",Luleå,Storheden,8,8
247305,2022-10-12,Trafikkontroll,Norrbottens län,"Norrbotten, Niemisel, Luleå, Lövskärsvägen, Högsta, Storheden, Arjeplog, Malmvägen, Kiruna, Norrbottens län",Luleå,Storheden,8,8
247429,2022-10-13,Trafikkontroll,Norrbottens län,"Norrbotten, Österleden, Kiruna, Rutvik, Luleå, Storheden, Gamla Lulevägen, Södra Svartbyn, Boden, Klockgränd, Örnäset, Norrbottens län",Luleå,Rutvik | Storheden,6,8
247578,2022-10-15,Trafikkontroll,Norrbottens län,"Haparanda, Vuono, Luleå, Besiktningsvägen, Storheden, Delfingatan, Norrbottens län",Luleå,Storheden,8,8
247918,2022-10-19,Trafikkontroll,Norrbottens län,"Kiruna, Jukkasjärvi, Paksuniemi, Boden, Hedenbrovägen, Luleå, Storheden, Norrbottens län",Luleå,Storheden,8,8
248626,2022-10-26,Trafikkontroll,Norrbottens län,"Norrbotten, Boden, Gällivare, Högsta, Kiruna, Lokstallsvägen, Luleå, Ersnäs, Gammelstad, Hertsön, Norrbottens län",Luleå,Gammelstad,5,5
248782,2022-10-28,Trafikkontroll,Norrbottens län,"Norrbotten, Storheden, Luleå, Arvidsjaur, Norrbottens län",Luleå,Storheden,8,8
249015,2022-10-31,Trafikkontroll,Norrbottens län,"Luleå, Kallaxvägen, Boden, Älvbrovägen, Bergnäset, Bensbyvägen, Bensbyn, Svängleden, Sävast, Norrbottens län",Luleå,Bergnäset,5,5
249203,2022-11-02,Trafikkontroll,Norrbottens län,"Piteå, Norra Altervägen, Norrfjärden, Kiruna, Kaisepakte, Luleå, Haparandavägen, Rutvik, Abisko, Boden, Sävast, Norrbottens län",Luleå,Rutvik,6,6
249695,2022-11-08,Trafikkontroll,Norrbottens län,"Norrbotten, Gällivare, Kiruna, Tornevägen, Malmvägen, Luleå, Storheden, Piteå, Öjebyn, Norrbottens län",Luleå,Storheden,8,8
249736,2022-11-09,Trafikkontroll,Norrbottens län,"Norrbotten, Boden, Inbyn, Kalix, Luleå, Klöverträsk, Hertsön, Storheden, Piteå, Djupviken, Älvsbyn, Stationsgatan, Norrbottens län",Luleå,Storheden,8,8
249838,2022-11-10,Trafikkontroll,Norrbottens län,"Norrbotten, Boden, Fagernäs, Sanden, Luleå, Hertsön, Storheden, Skurholmen, Piteå, Svartudden, Norrbottens län",Luleå,Storheden,8,8
249922,2022-11-11,Trafikkontroll,Norrbottens län,"Luleå, Boden, Hermelinsgatan, Kängsövägen, Råneå, Älvbrovägen, Bergnäset, Norrbottens län",Luleå,Bergnäset,5,5
250646,2022-11-20,Trafikkontroll,Norrbottens län,"Älvsbyn, Mariebergsvägen, Gammelstad, Luleå, Boden, Hertsövägen, Norrbottens län",Luleå,Gammelstad,5,5
250922,2022-11-23,Trafikkontroll,Norrbottens län,"Norrbotten, Svängleden, Boden, Östra Skolgatan, Luleå, Arjeplog, Storheden, Skurholmen, Norrbottens län",Luleå,Storheden,8,8
251258,2022-11-27,Trafikkontroll,Norrbottens län,"Norrbotten, Boden, Hortlax, Piteå, Bergnäset, Luleå, Norrbottens län",Luleå,Bergnäset,5,5
251722,2022-12-02,Trafikkontroll,Norrbottens län,"Boden, Åbergsleden, Sadelmakaregatan, Luleå, Storheden, Norrbottens län",Luleå,Storheden,8,8
251939,2022-12-05,Trafikkontroll,Norrbottens län,"Piteå, Lövholmsvägen, Lövholmen, Arjeplog, Strömvägen, Älvsbyn, Altuna, Luleå, Edeforsgatan, Örnäset, Gällivare, Lasarettsgatan, Lånegränd, Rosvik, Sommarvägen, Storsandsvägen, Gammelstad, Boden, Drottninggatan, Kiruna, Storhedsvägen, Storheden, Jävrevägen, Norrbottens län",Luleå,Gammelstad | Storheden,5,8
252142,2022-12-07,Trafikkontroll,Norrbottens län,"Norrbotten, Boden, Gällivare, Kiruna, Luleå, Bergnäset, Storgatan, Piteå, Hortlax, Norrbottens län",Luleå,Bergnäset,5,5
252461,2022-12-10,Trafikkontroll,Norrbottens län,"Luleå, Älvbrovägen, Bergnäset, Midgårdsvägen, Hertsövägen, Hertsön, Boden, Garnisonsgatan, Kiruna, Storheden, Piteå, Roknäsvägen, Norrbottens län",Luleå,Bergnäset | Storheden,5,8
253085,2022-12-18,Trafikkontroll,Norrbottens län,"Södra Sunderbyn, Luleå, Storheden, Sommarvägen, Gällivare, Norrbottens län",Luleå,Storheden,8,8
253337,2022-12-21,Trafikkontroll,Norrbottens län,"Strömvägen, Arjeplog, Storsandsvägen, Storheden, Luleå, Mariebergsvägen, Gammelstad, Högsta, Måttsunds Byaväg, Hertsövägen, Bredviken, Norrbottens län",Luleå,Gammelstad | Storheden,5,8
253453,2022-12-22,Trafikkontroll,Norrbottens län,"Christinaskolan, Piteå, Storheden, Luleå, Delfingatan, Drottninggatan, Boden, Norrbottens län",Luleå,Storheden,8,8
253554,2022-12-23,Trafikkontroll,Norrbottens län,"Norrbotten, Boden, Kungsgatan, Luleå, Storheden, Piteå, Lillbrogatan, Norrbottens län",Luleå,Storheden,8,8
253704,2022-12-25,Trafikkontroll,Norrbottens län,"Bergnäsvägen, Älvbrovägen, Bergnäset, Luleå, Finlandsvägen, Övertorneå, Harads, Boden, Storhedsvägen, Notviken, Norrbottens län",Luleå,Bergnäset,5,5
254036,2022-12-29,Trafikkontroll,Norrbottens län,"Norrbotten, Vittjärv, Upplagsvägen, Gällivare, Älvbrovägen, Luleå, Storheden, Borgargatan, Arvidsjaur, Norrbottens län",Luleå,Storheden,8,8
254121,2022-12-30,Trafikkontroll,Norrbottens län,"Norrbotten, Storgatan, Jokkmokk, Storheden, Luleå, Kiruna, Norrbottens län",Luleå,Storheden,8,8
254582,2023-01-05,Trafikkontroll,Norrbottens län,"Luleå, Storhedsvägen, Storheden, Boden, Sadelmakaregatan, Piteå, Norrbottens län",Luleå,Storheden,8,8
255600,2023-01-18,Trafikkontroll,Norrbottens län,"Garnisonsgatan, Boden, Älvbrovägen, Bergnäset, Luleå, Norrbottens län",Luleå,Bergnäset,5,5
255924,2023-01-22,Trafikkontroll,Norrbottens län,"Norrbotten, Porsön, Luleå, Övertorneå, Storheden, Kiruna, Boden, Österleden, Norrbottens län",Luleå,Storheden,8,8
255974,2023-01-23,Trafikkontroll,Norrbottens län,"Norrbotten, Långberget, Boden, Pajala, Storheden, Luleå, Norrbottens län",Luleå,Storheden,8,8
257463,2023-02-09,Trafikkontroll,Norrbottens län,"Luleå, Hedenvägen, Bergnäset, Kiruna, Rutviks Byaväg, Norrbottens län",Luleå,Bergnäset,5,5
257859,2023-02-14,Trafikkontroll,Norrbottens län,"Norrbotten, Boden, Vittjärv, Luleå, Besiktningsvägen, Storheden, Piteå, Bergsviken, Hortlax, Norrbottens län",Luleå,Storheden,8,8
259659,2023-03-09,Trafikkontroll,Norrbottens län,"Norrbotten, Malmvägen, Kiruna, Glommersträsk, Alviksvägen, Luleå, Gällivare, Lappnäsvägen, Hortlax, Piteå, Svenalds Väg, Rutvik, Banvägen, Malmbergsvägen, Norrbottens län",Luleå,Rutvik,6,6
259946,2023-03-13,Trafikkontroll,Norrbottens län,"Arvidsjaur, Avaviken, Högsta, Gällivare, Roslingsvägen, Heden, Luleå, Mariebergsvägen, Gammelstad, Norrbottens län",Luleå,Gammelstad,5,5
260201,2023-03-16,Trafikkontroll,Norrbottens län,"Stengatan, Bergnäset, Luleå, Boden, Norrbottens län",Luleå,Bergnäset,5,5
260949,2023-03-25,Trafikkontroll,Norrbottens län,"Norrbotten, Boden, Nedre Svartlå, Luleå, Bergnäsbron, Rutvik, Kalix, Kiruna, Norrbottens län",Luleå,Rutvik,6,6
261237,2023-03-29,Trafikkontroll,Norrbottens län,"Norrbotten, Silvervägen, Arjeplog, Storsandsvägen, Gammelstad, Luleå, Ersnäs, Norrbottens län",Luleå,Gammelstad,5,5
261367,2023-03-31,Trafikkontroll,Norrbottens län,"Boden, Luleå, Mariebergsvägen, Gammelstad, Norrbottens län",Luleå,Gammelstad,5,5
261424,2023-04-01,Trafikkontroll,Norrbottens län,"Gällivare, Pajala, Luleå, Storheden, Kiruna, Alvar, Norrbottens län",Luleå,Storheden,8,8
261465,2023-04-02,Trafikkontroll,Norrbottens län,"Luleå, Storhedsvägen, Storheden, Pajala, Norrbottens län",Luleå,Storheden,8,8
262407,2023-04-15,Trafikkontroll,Norrbottens län,"Norrbotten, Annelund, Piteå, Luleå, Kiruna, Boden, Storheden, Gällivare, Norrbottens län",Luleå,Storheden,8,8
262952,2023-04-22,Trafikkontroll,Norrbottens län,"Norrbotten, Boden, Luleå, Södra Sunderbyn, Storheden, Pajala, Muodoslompolo, Norrbottens län",Luleå,Storheden,8,8
263081,2023-04-24,Trafikkontroll,Norrbottens län,"Luleå, Bergnäset, Haparandavägen, Rutvik, Gällivare, Lasarettsgatan, Norrbottens län",Luleå,Bergnäset | Rutvik,5,6
263671,2023-05-01,Trafikkontroll,Norrbottens län,"Norrbotten, Gällivare, Torpgärdan, Boden, Kiruna, Övertorneå, Bergnäset, Luleå, Norrbottens län",Luleå,Bergnäset,5,5
265209,2023-05-20,Trafikkontroll,Norrbottens län,"Norrbotten, Storheden, Luleå, Södra Sunderbyn, Gällivare, Boden, Kiruna, Norrbottens län",Luleå,Storheden,8,8
265282,2023-05-21,Trafikkontroll,Norrbottens län,"Norrbotten, Boden, Södra Svartbyn, Gällivare, Malmberget, Luleå, Bergnäset, Hertsön, Piteå, Öjebyn, Norrbottens län",Luleå,Bergnäset,5,5
265484,2023-05-24,Trafikkontroll,Norrbottens län,"Norrbotten, Arjeplog, Strömvägen, Boden, Vittjärv, Trångfors, Kiruna, Industrivägen, Luleå, Storheden, Norrbottens län",Luleå,Storheden,8,8
265574,2023-05-25,Trafikkontroll,Norrbottens län,"Norrbotten, Boden, Luleå, Mariebergsvägen, Gammelstad, Råneå, Piteå, Lidgatan, Nötövägen, Strömnäs, Lillbrogatan, Norrbottens län",Luleå,Gammelstad,5,5
266858,2023-06-10,Trafikkontroll,Norrbottens län,"Norrbotten, Södra Sunderbyn, Luleå, Sävast, Boden, Porsön, Storheden, Fagernäs, Morjärv, Kalix, Norrbottens län",Luleå,Storheden,8,8
267688,2023-06-21,Trafikkontroll,Norrbottens län,"Boden, Haparanda, Luleå, Församlingsvägen, Kyrkbyn, Gammelstad, Norrbottens län",Luleå,Gammelstad,5,5
267815,2023-06-23,Trafikkontroll,Norrbottens län,"Boden, Moråsleden, Luleå, Gammelstad, Norrbottens län",Luleå,Gammelstad,5,5
267954,2023-06-26,Trafikkontroll,Norrbottens län,"Norrbotten, Trångfors, Boden, Storheden, Luleå, Norrbottens län",Luleå,Storheden,8,8
271783,2023-08-25,Trafikkontroll,Norrbottens län,"Norrbotten, Mjölkudden, Gammelstad, Luleå, Piteå, Norrbottens län",Luleå,Gammelstad,5,5
271966,2023-08-28,Trafikkontroll,Norrbottens län,"Norrbotten, Södra Sunderbyn, Luleå, Notviken, Öjebyn, Piteå, Storheden, Norrbottens län",Luleå,Storheden,8,8
275095,2023-10-07,Trafikkontroll,Norrbottens län,"Norrbotten, Bergnäset, Porsön, Storheden, Luleå, Torpgärdan, Boden, Kaunisjoensuu, Pajala Kommun, Malmvägen, Österleden, Kiruna, Norrbottens län",Luleå,Bergnäset | Storheden,5,8
275358,2023-10-11,Trafikkontroll,Norrbottens län,"Norrbotten, Luleå, Bergnäset, Kalix, Töre, Boden, Sävast, Bränslan, Hedenbrovägen, Garnisonen, Norrbottens län",Luleå,Bergnäset,5,5
275678,2023-10-16,Trafikkontroll,Norrbottens län,"Djuptjärn, Kalix, Rutvik, Luleå, Norrbottens län",Luleå,Rutvik,6,6
277386,2023-11-11,Trafikkontroll,Norrbottens län,"Norrbotten, Boden, Järnvägsgatan, Kalix, Vidsel, Älvsbyn, Kiruna, Bergnäset, Luleå, Norrbottens län",Luleå,Bergnäset,5,5
278395,2023-11-27,Trafikkontroll,Norrbottens län,"Norrbotten, Boden, Moråsleden, Kalix, Innanbäcken, Kiruna, Luleå, Gäddviksvägen, Gammelstad, Ersnäs, Bredviken, Piteå, Hamnplan, Norrbottens län",Luleå,Gammelstad,5,5
278998,2023-12-05,Trafikkontroll,Norrbottens län,"Norrbotten, Boden, Glimmervägen, Heden, Kalix, Luleå, Notviken, Blockvägen, Bergnäset, Piteå, Lövholmsvägen, Lövholmen, Norrbottens län",Luleå,Bergnäset,5,5
279596,2023-12-13,"Trafikolycka,  vilt",Norrbottens län,"Lansjärv, Överkalix, Vistträsk, Älvsbyn, Råneå, Luleå, Rutvik, Laisvall, Arjeplog, Norrbottens län",Luleå,Rutvik,6,6
285511,2024-03-11,Trafikkontroll,Norrbottens län,"Pajala, Skolvägen, Luleå, Fardagsvägen, Hemängsvägen, Södra Sunderbyn, Mariebergsvägen, Gammelstad, Gällivare, Malmberget, Norrbottens län",Luleå,Gammelstad,5,5
286491,2024-03-26,Trafikkontroll,Norrbottens län,"Norrbotten, Älvsbyn, Gällivare, Björkskataleden, Luleå, Storheden, Norrbottens län",Luleå,Storheden,8,8
286885,2024-04-02,Trafikkontroll,Norrbottens län,"Norrbotten, Gammelstad, Luleå, Gällivare, Norrbottens län",Luleå,Gammelstad,5,5
288840,2024-04-30,Trafikkontroll,Norrbottens län,"Norrbotten, Kengisgatan, Pajala, Gällivare, Storheden, Luleå, Norrbottens län",Luleå,Storheden,8,8
291599,2024-06-08,Trafikkontroll,Norrbottens län,"Norrbotten, Storheden, Luleå, Övertorneå, Sangis, Kiruna, Norrbottens län",Luleå,Storheden,8,8
291799,2024-06-11,Trafikkontroll,Norrbottens län,"Norrbotten, Boden, Kalix, Kiruna, Lastvägen, Industrivägen, Luleå, Storheden, Hertsövägen, Bredviken, Ringgatan, Örnäset, Örnäsvägen, Piteå, Sundsgatan, Öjebyn, Hamnplan, Norrbottens län",Luleå,Storheden,8,8
292078,2024-06-14,Trafikkontroll,Norrbottens län,"Företagsvägen, Grankullen, Haparanda, Nyborgsvägen, Rolfs, Kalix, Adolf Hedinsvägen, Kiruna, Hamngatan, Piteå, Besiktningsvägen, Storheden, Luleå, Norrbottens län",Luleå,Storheden,8,8
297581,2024-09-07,Trafikkontroll,Norrbottens län,"Kiruna, Söderleden, Luleå, Delfingatan, Rutvik, Norrbottens län",Luleå,Rutvik,6,6
299717,2024-10-07,Trafikkontroll,Norrbottens län,"Gällivare, Messhedsvägen, Heden, Kiruna, Luleå, Storsandsvägen, Gammelstad, Haparanda, Nikkala, Norrbottens län",Luleå,Gammelstad,5,5
301837,2024-11-06,Trafikkontroll,Norrbottens län,"Norrbotten, Haparanda, Västra Esplanaden, Jokkmokk, Luleå, Rutvik, Norrbottens län",Luleå,Rutvik,6,6
302283,2024-11-12,Trafikkontroll,Norrbottens län,"Norrbotten, Boden, Sanden, Kiruna, Luleå, Lulviksvägen, Bergnäset, Ersnäs, Piteå, Lasarettsvägen, Strömnäs, Prästgårdsgatan, Industrigatan, Nygatan, Norrbottens län",Luleå,Bergnäset,5,5
303900,2024-12-06,Trafikkontroll,Norrbottens län,"Luleå, Storheden, Pajala, Norrbottens län",Luleå,Storheden,8,8
304200,2024-12-10,Trafikkontroll,Norrbottens län,"Boden, Arjeplog, Luleå, Besiktningsvägen, Storheden, Kalix, Piteå, Hortlax, Norrbottens län",Luleå,Storheden,8,8
305445,2024-12-28,Trafikkontroll,Norrbottens län,"Kiruna, Besiktningsvägen, Storheden, Luleå, Kyrkgatan, Gällivare, Norrbottens län",Luleå,Storheden,8,8
307865,2025-01-31,Trafikkontroll,Norrbottens län,"Norrbotten, Boden, Gällivare, Tingshusgatan, Heden, Kalix, Centrumvägen, Näsbyn, Bredviken, Luleå, Nävervägen, Bergnäset, Kungsgatan, Sandviksgatan, Piteå, Sundsgatan, Norrbottens län",Luleå,Bergnäset,5,5
309180,2025-02-18,Trafikkontroll,Norrbottens län,"Luleå, Notviken, Storsandsvägen, Storheden, Arjeplog, Mjölkudden, Norrbottens län",Luleå,Storheden,8,8
310275,2025-03-05,Trafikkontroll,Norrbottens län,"Boden, Piteå, Luleå, Storheden, Gällivare, Norrbottens län",Luleå,Storheden,8,8
310418,2025-03-07,Trafikkontroll,Norrbottens län,"Norrbotten, Boden, Luleå, Storheden, Sörforsvägen, Råneå, Kiruna, Piteå, Roknäs, Norrbottens län",Luleå,Storheden,8,8
310777,2025-03-13,Trafikkontroll,Norrbottens län,"Stenbäcksvägen, Kalix, Hertsövägen, Örnäset, Luleå, Skogsgatan, Arvidsjaur, Gammelstad, Moråsvägen, Boden, Måttsunds Byaväg, Järnvägsgatan, Norrbottens län",Luleå,Gammelstad,5,5
311092,2025-03-17,Trafikkontroll,Norrbottens län,"Norrbotten, Kiruna, Jukkasjärvi, Luleå, Hertsövägen, Lerbäcken, Bergnäset, Piteå, Böle, Norrbottens län",Luleå,Bergnäset,5,5
311176,2025-03-18,Trafikkontroll,Norrbottens län,"Norrbotten, Kalix, Sangis, Luleå, Stengatan, Bergnäset, Björkgatan, Bergviken, Piteå, Norrbottens län",Luleå,Bergnäset,5,5
312505,2025-04-05,Trafikkontroll,Norrbottens län,"Luleå, Kronbacksvägen, Bredviken, Övertorneå, Hemvägen, Besiktningsvägen, Storheden, Norrbottens län",Luleå,Storheden,8,8
313957,2025-04-26,Trafikkontroll,Norrbottens län,"Norrbotten, Boden, Gällivare, Lasarettsgatan, Fjällnäs, Västra Kyrkallén, Kiruna, Industrivägen, Luleå, Bredviken, Niemisel, Storheden, Övertorneå, Hemvägen, Norrbottens län",Luleå,Storheden,8,8
314068,2025-04-28,Trafikkontroll,Norrbottens län,"Gällivare, Sommarvägen, Messhedsvägen, Heden, Kalix, Morjärv, Gammelgården, Luleå, Nordkalottvägen, Bergnäset, Norrbottens län",Luleå,Bergnäset,5,5
314145,2025-04-29,Trafikkontroll,Norrbottens län,"Norrbotten, Grytnäs, Kalix Kommun, Storheden, Luleå, Södra Hamnleden, Måttsund, Norrfjärden, Piteå, Porsön, Norrbottens län",Luleå,Storheden,8,8
315357,2025-05-15,Trafikkontroll,Norrbottens län,"Piteå, Hembygdsvägen, Luleå, Gammelstad, Gällivare, Sommarvägen, Gäddviksvägen, Cellulosavägen, Norrbottens län",Luleå,Gammelstad,5,5
316103,2025-05-26,Trafikkontroll,Norrbottens län,"Norrbotten, Haparanda, Västra Esplanaden, Kalix, Djuptjärn, Kiruna, Luleå, Storheden, Måttsund, Piteå, Norrfjärden, Blåsmark, Norrbottens län",Luleå,Storheden,8,8
317700,2025-06-17,Trafikkontroll,Norrbottens län,"Centrumvägen, Kalix, Besiktningsvägen, Storheden, Luleå, Norrfjärden, Piteå, Idbäcksvägen, Töre, Altersbruk, Norrbottens län",Luleå,Storheden,8,8
317776,2025-06-18,Trafikkontroll,Norrbottens län,"Haparanda, Boden, Sanden, Alttajärvivägen, Luleå, Magasinsgatan, Piteå, Skuthamn, Vittangi, Kirunavägen, Storheden, Norrbottens län",Luleå,Storheden,8,8
318605,2025-06-30,Trafikkontroll,Norrbottens län,"Bergnäset, Luleå, Hamnplan, Piteå, Delfingatan, Norrbottens län",Luleå,Bergnäset,5,5
335244,2025-08-07,Trafikkontroll,Norrbottens län,"Lastvägen, Kiruna, Boden, Storheden, Luleå, Norrbottens län",Luleå,Storheden,8,8
347531,2025-08-21,Trafikkontroll,Norrbottens län,"Boden, Vittjärvsvägen, Luleå, Stengatan, Bergnäset, Piteå, Svensbyvägen, Bergsviken, Avaviksvägen, Hertsön, Hermelinsgatan, Övertorneå, Midgårdsvägen, Gällivare, Pumparegatan, Messhedsvägen, Heden, Norrbottens län",Luleå,Bergnäset,5,5
349073,2025-08-22,Trafikkontroll,Norrbottens län,"Norrbotten, Heden, Gällivare, Altersbruk, Piteå, Öjebyn, Näsbyn, Kalix, Bergnäset, Luleå, Bredviken, Norrbottens län",Luleå,Bergnäset,5,5
352787,2025-08-26,Trafikkontroll,Norrbottens län,"Luleå, Boden, Sörforsvägen, Råneå, Älvbrovägen, Bergnäset, Storsandsvägen, Storheden, Norrbottens län",Luleå,Bergnäset | Storheden,5,8
353597,2025-08-27,Trafikkontroll,Norrbottens län,"Glimmervägen, Boden, Junosuando, Pajala, Sadelmakaregatan, Delfingatan, Luleå, Storhedsvägen, Storheden, Västra Vidselvägen, Älvsbyn, Norrbottens län",Luleå,Storheden,8,8
358752,2025-09-03,Trafikkontroll,Norrbottens län,"Norrbotten, Södra Sunderbyn, Piteå, Mariebergsvägen, Luleå, Klöverträskvägen, Älvsbyn, Storheden, Norrbottens län",Luleå,Storheden,8,8
364794,2025-09-11,Trafikkontroll,Norrbottens län,"Norrbotten, Boden, Industrivägen, Kiruna, Österleden, Luleå, Bälinge, Avan, Örarnavägen, Persön, Besiktningsvägen, Storheden, Piteå, Svensbyn, Norrbottens län",Luleå,Storheden,8,8
368161,2025-09-15,Trafikkontroll,Norrbottens län,"Luleå, Stengatan, Bergnäset, Piteå, Vitsand, Kiruna, Bälingevägen, Hällfors, Alvik, Boden, Vittjärv, Haparandavägen, Björsbyn, Gällivare, Hertsövägen, Bredviken, Norrbottens län",Luleå,Bergnäset,5,5
370036,2025-09-18,Trafikkontroll,Norrbottens län,"Norrbotten, Boden, Trångfors, Kalix, Nyborgsvägen, Rolfs, Kiruna, Karesuando, Luleå, Bergnäset, Piteå, Svensbyn, Övertorneå, Juoksengi, Neistenkangas, Norrbottens län",Luleå,Bergnäset,5,5
400503,2025-10-20,Trafikkontroll,Norrbottens län,"Arvidsjaur, Västlundavägen, Boden, Sundbrovägen, Luleå, Gammelstad, Piteå, Öjebyn, Svartbyvägen, Erikslund, Smedsbyn, Kalix, Haparanda, Rundgatan, Skurholmen, Norrbottens län",Luleå,Gammelstad,5,5
401322,2025-10-21,Trafikkontroll,Norrbottens län,"Piteå, Luleå, Storheden, Norrbottens län",Luleå,Storheden,8,8
404921,2025-10-25,Trafikkontroll,Norrbottens län,"Luleå, Storhedsvägen, Notviken, Besiktningsvägen, Storheden, Kiruna, Jukkasjärvi, Norrbottens län",Luleå,Storheden,8,8
407709,2025-10-28,Trafikkontroll,Norrbottens län,"Luleå, Boden, Lerbäcken, Sadelmakaregatan, Besiktningsvägen, Storheden, Norrbottens län",Luleå,Storheden,8,8
409823,2025-10-31,Trafikkontroll,Norrbottens län,"Luleå, Boden, Kraftverksvägen, Notviken, Älvbrovägen, Bergnäset, Svartbjörnsbyn, Norrbottens län",Luleå,Bergnäset,5,5
409966,2025-10-31,Trafikkontroll,Norrbottens län,"Norrbotten, Boden, Färgaregatan, Kiruna, Adolf Hedinsvägen, Luleå, Västergatan, Skurholmen, Besiktningsvägen, Storheden, Delfingatan, Norrbottens län",Luleå,Storheden,8,8
415801,2025-11-08,Trafikkontroll,Norrbottens län,"Boden, Älvbrovägen, Bergnäset, Luleå, Skolgatan, Älvsbyn, Norrbottens län",Luleå,Bergnäset,5,5
424335,2025-11-18,Trafikkontroll,Norrbottens län,"Gällivare, Malmberget, Två Lyktor, Boden, Luleå, Storhedsvägen, Storheden, Norrbottens län",Luleå,Storheden,8,8
446983,2025-12-11,Trafikkontroll,Norrbottens län,"Norrbotten, Arvidsjaur, Kiruna, Adolf Hedinsvägen, Lombololeden, Luleå, Bergnäset, Storheden, Boden, Södra Svartbyn, Gällivare, Kalix, Näsbyn, Karlsborg, Norrbottens län",Luleå,Bergnäset | Storheden,5,8
451602,2025-12-17,Trafikkontroll,Norrbottens län,"Norrbotten, Älvbrovägen, Bergnäset, Luleå, Rundgatan, Skurholmen, Kiruna, Norrbottens län",Luleå,Bergnäset,5,5
455249,2025-12-21,Trafikkontroll,Norrbottens län,"Norrbotten, Arvidsjaur, Storgatan, Kiruna, Jukkasjärvi, Luleå, Maskinvägen, Bergnäset, Ersnäs, Piteå, Norrfjärden, Norrbottens län",Luleå,Bergnäset,5,5
456266,2025-12-22,Trafikkontroll,Norrbottens län,"Luleå, Mariebergsvägen, Gammelstad, Arvidsjaur, Sten Laestadius Väg, Boden, Trångfors, Industrivägen, Torpgärdan, Vittjärv, Norrbottens län",Luleå,Gammelstad,5,5
470353,2026-01-08,Trafikkontroll,Norrbottens län,"Piteå, Mossen, Gamla Sjulnäsvägen, Roknäs, Strömnäs, Luleå, Storheden, Norrbottens län",Luleå,Storheden,8,8
474802,2026-01-16,Stöld,Norrbottens län,"Norrbotten, Luleå, Bergnäset, Piteå, Hamnplan, Porsön, Norrbottens län",Luleå,Bergnäset,5,5
475373,2026-01-17,Trafikkontroll,Norrbottens län,"Norrbotten, Sanden, Boden, Luleå, Övertorneå, Västra Kyrkallén, Gällivare, Hertsön, Storheden, Tingshusvägen, Norrbottens län",Luleå,Storheden,8,8
477782,2026-01-20,Trafikkontroll,Norrbottens län,"Norrbotten, Luleå, Gammelstad, Pajala, Medborgarvägen, Piteå, Norra Ringen, Annelund, Roknäs, Övertorneå, Ragnar, Norrbottens län",Luleå,Gammelstad,5,5
480002,2026-01-23,Trafikkontroll,Norrbottens län,"Piteå, Munksundsvägen, Arvidsjaur, Luleå, Storheden, Boden, Norrbottens län",Luleå,Storheden,8,8
480490,2026-01-24,Trafikkontroll,Norrbottens län,"Norrbotten, Boden, Ringvägen, Luleå, Övägen, Gammelstad, Norrbottens län",Luleå,Gammelstad,5,5
484756,2026-01-29,Trafikkontroll,Norrbottens län,"Norrbotten, Boden, Norrbottensvägen, Garnisonen, Luleå, Mariebergsvägen, Gammelstad, Flygstationsvägen, Kallax, Norrbottens län",Luleå,Gammelstad,5,5
494331,2026-02-09,Trafikkontroll,Norrbottens län,"Böle, Piteå, Boden, Södra Hamnleden, Luleå, Besiktningsvägen, Storheden, Norrbottens län",Luleå,Storheden,8,8
496364,2026-02-12,Trafikkontroll,Norrbottens län,"Arvidsjaur, Luleå, Bergnäset, Piteå, Kiruna, Norrfjärden, Norrbottens län",Luleå,Bergnäset,5,5
496680,2026-02-17,Trafikkontroll,Norrbottens län,"Norrbotten, Luleå, Bergnäsvägen, Bergnäset, Mjölkuddsvägen, Notviken, Bälinge, Piteå, Öjebyn, Altersbruk, Norrbottens län",Luleå,Bergnäset,5,5
496898,2026-02-20,Trafikkontroll,Norrbottens län,"Norrbotten, Boden, Svängleden, Luleå, Munkebergsgatan, Mjölkudden, Storheden, Piteå, Västergatan, Älvsbyn, Korsträsk, Norrbottens län",Luleå,Storheden,8,8
497803,2026-03-06,Trafikkontroll,Norrbottens län,"Moråsleden, Boden, Besiktningsvägen, Storheden, Luleå, Norrbottens län",Luleå,Storheden,8,8
498264,2026-03-14,Trafikkontroll,Norrbottens län,"Räfsarstigen, Gammelstad, Luleå, Neistenkangas, Övertorneå, Boden, Piteå, Kiruna, Norrbottens län",Luleå,Gammelstad,5,5
498358,2026-03-16,Trafikkontroll,Norrbottens län,"Kiruna, Boden, Åbergsleden, Älvsbyn, Luleå, Mariebergsvägen, Gammelstad, Norrbottens län",Luleå,Gammelstad,5,5
498742,2026-03-22,Trafikkontroll,Norrbottens län,"Kiruna, Haparanda, Tullgatan, Luleå, Gammelstad, Forskarevägen, Norrbottens län",Luleå,Gammelstad,5,5
498993,2026-03-26,Trafikkontroll,Norrbottens län,"Norrbotten, Haparanda, Arvidsjaur, Bergnäset, Luleå, Norrbottens län",Luleå,Bergnäset,5,5
499228,2026-03-30,Trafikkontroll,Norrbottens län,"Norrbotten, Boden, Harads, Buddbyvägen, Skjutbanevägen, Vittjärv, Luleå, Storheden, Norrbottens län",Luleå,Storheden,8,8
499445,2026-04-02,Trafikkontroll,Norrbottens län,"Norrbotten, Öjebyn, Piteå, Bergnäset, Luleå, Arvidsjaur, Norrbottens län",Luleå,Bergnäset,5,5
499621,2026-04-05,Trafikkontroll,Norrbottens län,"Norrbotten, Boden, Jokkmokk, Kalix, Grytnäs, Luleå, Stengatan, Bergnäset, Södra Sunderbyn, Karlsvik, Norrbottens län",Luleå,Bergnäset,5,5
500234,2026-04-14,Trafikkontroll,Norrbottens län,"Luleå, Piteå, Lövholmsvägen, Mossen, Arvidsjaur, Dalgatan, Mjölkuddsvägen, Notviken, Olof Palmes Gata, Annelund, Boden, Svartbyleden, Södra Svartbyn, Pajala, Junosuando, Garnisonen, Haparanda, Mattila, Storheden, Hortlaxvägen, Lulevägen, Sanden, Norrbottens län",Luleå,Storheden,8,8
500825,2026-04-23,Trafikkontroll,Norrbottens län,"Boden, Havregatan, Öjebyn, Piteå, Ersnäs, Luleå, Besiktningsvägen, Storheden, Norrbottens län",Luleå,Storheden,8,8
501017,2026-04-26,Trafikkontroll,Norrbottens län,"Norrbotten, Boden, Gunnarsbyn, Gällivare, Luleå, Niemisel, Sjögatan, Bergviken, Rutvik, Älvsbyn, Östermalm, Norrbottens län",Luleå,Rutvik,6,6
501423,2026-05-02,Trafikkontroll,Norrbottens län,"Norrbotten, Riksgränsen, Kiruna Kommun, Storheden, Luleå, Kallax, Övertorneå, Niemisel, Norrbottens län",Luleå,Storheden,8,8
502432,2026-05-18,Trafikkontroll,Norrbottens län,"Luleå, Älvbrovägen, Bergnäset, Arvidsjaur, Boden, Garnisonen, Kiruna, Baningenjörsvägen, Haparandavägen, Norrbottens län",Luleå,Bergnäset,5,5
502794,2026-05-23,Trafikkontroll,Norrbottens län,"Gällivare, Luleå, Storheden, Boden, Garnisonen, Norrbottens län",Luleå,Storheden,8,8
502893,2026-05-25,Trafikkontroll,Norrbottens län,"Idrottsgatan, Boden, Kangis, Överkalix, Mjölkuddsvägen, Notviken, Luleå, Mariebergsvägen, Gammelstad, Norrbottens län",Luleå,Gammelstad,5,5
503209,2026-05-29,Trafikkontroll,Norrbottens län,"Övertorneå, Boden, Luleå, Älvbrovägen, Bergnäset, Norrbottens län",Luleå,Bergnäset,5,5
503898,2026-06-08,Trafikkontroll,Norrbottens län,"Norrbotten, Boden, Sundbrovägen, Norrbottensvägen, Vittjärv, Luleå, Älvbrovägen, Bergnäset, Delfingatan, Norrbottens län",Luleå,Bergnäset,5,5
503925,2026-06-08,Trafikkontroll,Norrbottens län,"Bodenvägen, Porsön, Luleå, Storsandsvägen, Gammelstad, Hjalmar Lundbohmsvägen, Kiruna, Granatvägen, Dalvägen, Stenbäcken, Kalix, Jokkmokk, Norrbottens län",Luleå,Gammelstad,5,5
504581,2026-06-19,Trafikkontroll,Norrbottens län,"Boden, Skäretvägen, Vittjärv, Luleå, Rutvik, Notviken, Norrbottens län",Luleå,Rutvik,6,6
506451,2026-07-20,Trafikkontroll,Norrbottens län,"Norrbotten, Vittjärv, Bodens Kommun, Bergnäset, Luleå, Jokkmokk, Björkelund, Högsta, Norrbottens län",Luleå,Bergnäset,5,5
507343,2026-08-05,Trafikkontroll,Norrbottens län,"Norrbotten, Kanslihusvägen, Åbergsleden, Harads, Sturegatan, Sanden, Gällivare, Västra Kyrkallén, Kiruna, Luleå, Niemisel, Notviken, Storhedsvägen, Storheden, Högsta, Norrbottens län",Luleå,Storheden,8,8
507954,2026-08-16,Trafikkontroll,Norrbottens län,"Norrbotten, Arvidsjaur, Boden, Sävast, Luleå, Malmudden, Storheden, Sinksundet, Mjölkuddsvägen, Mjölkudden, Piteå, Skuthamn, Norrbottens län",Luleå,Storheden,8,8
509003,2026-09-02,Trafikkontroll,Norrbottens län,"Svensbyn, Piteå, Övägen, Gammelstad, Luleå, Munkebergsgatan, Mjölkudden, Hakkas, Gällivare, Norrbottens län",Luleå,Gammelstad,5,5
509153,2026-09-04,Trafikkontroll,Norrbottens län,"Norrbottensvägen, Garnisonen, Boden, Högsta, Porsövägen, Porsön, Luleå, Luftfartsvägen, Kiruna, Mariebergsvägen, Gammelstad, Komponentvägen, Norrbottens län",Luleå,Gammelstad,5,5
509342,2026-09-08,Trafikkontroll,Norrbottens län,"Luleå, Mariebergsvägen, Gammelstad, Piteå, Strömnäs, Övertorneå, Ragnar, Norrbottens län",Luleå,Gammelstad,5,5
511131,2026-10-07,Trafikkontroll,Norrbottens län,"Industrivägen, Kiruna, Bergnäset, Luleå, Kompanigatan, Norrbottens län",Luleå,Bergnäset,5,5
511188,2026-10-08,Trafikkontroll,Norrbottens län,"Fjällnäs, Gällivare, Boden, Älvsbyvägen, Måttsund, Luleå, Besiktningsvägen, Storheden, Norrbottens län",Luleå,Storheden,8,8
