location_string,title_location,type_original,part_count,event_count
Norrbottens län,Norrbottens län,Övrigt,1,216
"Norrbotten, Norrbottens län",Norrbottens län,Övrigt,2,86
"Norrbotten, Norrbottens län",Norrbotten,Övrigt,2,70
"Norrbotten, Norrbottens län",Norrbotten,Tillfälligt obemannat,2,40
"Börje, Norrbottens län",Norrbottens län,Övrigt,2,33
"Börje, Norrbotten, Norrbottens län",Norrbotten,Övrigt,3,25
"Norrbotten, Börje, Norrbottens län",Norrbottens län,Övrigt,3,11
"Norrbotten, Linné, Norrbottens län",Norrbottens län,Övrigt,3,8
"Börje, Norrbotten, Norrbottens län",Norrbotten,Tillfälligt obemannat,3,6
Norrbottens län,Norrbottens län,Fjällräddning,1,4
Norrbottens län,Norrbottens län,Bedrägeri,1,3
"Norrbotten, Norrbottens län",Norrbotten,Trafikhinder,2,3
"Norrbotten, Norrbottens län",Norrbottens län,"Trafikolycka,  vilt",2,3
Norrbottens län,Norrbottens län,Misshandel,1,2
"Norrbotten, Norrbottens län",Norrbotten,Trafikkontroll,2,2
Norrbottens län,Norrbottens län,Kontroll person/fordon,1,1
Norrbottens län,Norrbottens län,Rattfylleri,1,1
Norrbottens län,Norrbottens län,Stöld,1,1
Norrbottens län,Norrbottens län,Stöld/inbrott,1,1
Norrbottens län,Norrbottens län,Tillfälligt obemannat,1,1
Norrbottens län,Norrbottens län,Trafikbrott,1,1
Norrbottens län,Norrbottens län,Trafikhinder,1,1
Norrbottens län,Norrbottens län,"Trafikolycka,  singel",1,1
Norrbottens län,Norrbottens län,"Trafikolycka,  vilt",1,1
Norrbottens län,Norrbottens län,Uppdatering,1,1
"Jägaren, Norrbottens län",Norrbottens län,"Trafikolycka,  vilt",2,1
"Kebnekaise Fjällstation, Norrbottens län",Norrbottens län,Fjällräddning,2,1
"Kompanivägen, Norrbottens län",Norrbottens län,Trafikkontroll,2,1
"Långträsk, Norrbottens län",Norrbottens län,"Trafikolycka,  vilt",2,1
"Mabi Hyrbilar, Norrbottens län",Norrbottens län,Bedrägeri,2,1
"Maria, Norrbottens län",Norrbottens län,Fjällräddning,2,1
"Norberg, Norrbottens län",Norrbottens län,Stöld,2,1
"Norrbotten, Norrbottens län",Norrbotten,Fjällräddning,2,1
"Norrbotten, Norrbottens län",Norrbotten,Inbrott,2,1
"Norrbotten, Norrbottens län",Norrbotten,Kontroll person/fordon,2,1
"Norrbotten, Norrbottens län",Norrbotten,Stöld,2,1
"Norrbotten, Norrbottens län",Norrbotten,"Stöld,  försök",2,1
"Norrbotten, Norrbottens län",Norrbotten,Trafikolycka,2,1
"Norrbotten, Norrbottens län",Norrbottens län,Bedrägeri,2,1
"Norrbotten, Norrbottens län",Norrbottens län,Misshandel,2,1
"Norrbotten, Norrbottens län",Norrbottens län,Skadegörelse,2,1
"Norrbotten, Norrbottens län",Norrbottens län,Stöld/inbrott,2,1
"Norrlandskusten, Norrbottens län",Norrbottens län,Övrigt,2,1
"Sarek, Norrbottens län",Norrbottens län,Fjällräddning,2,1
"Skärmen, Norrbottens län",Norrbottens län,Bedrägeri,2,1
"Sundsvall, Norrbottens län",Norrbottens län,Uppdatering,2,1
"Ving, Norrbottens län",Norrbottens län,Bedrägeri,2,1
"Anderstorg, Skellefteå, Norrbottens län",Norrbottens län,Rån övrigt,3,1
"Bra Dag, Norrbotten, Norrbottens län",Norrbotten,Övrigt,3,1
"Norrbotten, Lunden, Norrbottens län",Norrbottens län,Övrigt,3,1
"Norrbotten, Upp Eller Ner, Norrbottens län",Norrbottens län,Polisinsats/kommendering,3,1
"Norrbotten, Voutner, Norrbottens län",Norrbottens län,"Trafikolycka,  vilt",3,1
"Norrbotten, Western Union, Norrbottens län",Norrbottens län,Bedrägeri,3,1
"Norrbotten, Österleden, Norrbottens län",Norrbottens län,Trafikkontroll,3,1
"Raggdynan, Norrbotten, Norrbottens län",Norrbotten,"Trafikolycka,  singel",3,1
"Smycka, Norrbotten, Norrbottens län",Norrbotten,Övrigt,3,1
"Sverige, Norrbotten, Norrbottens län",Norrbotten,Bedrägeri,3,1
"Sverige, Norrbotten, Norrbottens län",Norrbotten,"Trafikolycka,  vilt",3,1
"Test, Norrbotten, Norrbottens län",Norrbotten,Övrigt,3,1
"Högsta, Klubbenvägen, Kullevägen, Norrbottens län",Norrbottens län,Trafikkontroll,4,1
"Kallaxvägen, Nordkalotten, Norrbotten, Norrbottens län",Norrbotten,Trafikhinder,4,1
"Kvikkjokk, Fjället, Norrbotten, Norrbottens län",Norrbotten,Fjällräddning,4,1
"Länsstyrelsen, Smhi, Norrbotten, Norrbottens län",Norrbotten,Övrigt,4,1
"Malmgatan, Moråsleden, Fagernäs, Norrbottens län",Norrbottens län,Trafikkontroll,4,1
"Norrbottens Län, Bägaren, Norrbotten, Norrbottens län",Norrbotten,Trafikkontroll,4,1
"Vittangi, Laisvall, Bälinge, Norrbottens län",Norrbottens län,"Trafikolycka,  vilt",4,1
