year,month,geography_group,quiet_bucket,event_count
2016,10,"Norrbotten, okänd kommun",Eftermiddag,1
2016,10,"Norrbotten, okänd kommun",Förmiddag,4
2016,10,"Norrbotten, okänd kommun",Kväll,1
2016,10,"Norrbotten, okänd kommun",Natt,2
2016,11,"Norrbotten, okänd kommun",Eftermiddag,1
2016,11,"Norrbotten, okänd kommun",Förmiddag,1
2016,11,"Norrbotten, okänd kommun",Kväll,1
2016,11,"Norrbotten, okänd kommun",Natt,4
2016,12,"Norrbotten, okänd kommun",Dag,1
2016,12,"Norrbotten, okänd kommun",Eftermiddag,1
2016,12,"Norrbotten, okänd kommun",Förmiddag,4
2016,12,"Norrbotten, okänd kommun",Kväll,3
2016,12,"Norrbotten, okänd kommun",Natt,2
2017,1,Bodens kommun,Eftermiddag,1
2017,1,"Norrbotten, okänd kommun",Eftermiddag,1
2017,1,"Norrbotten, okänd kommun",Förmiddag,8
2017,1,"Norrbotten, okänd kommun",Kväll,3
2017,1,"Norrbotten, okänd kommun",Natt,3
2017,2,"Norrbotten, okänd kommun",Dag,2
2017,2,"Norrbotten, okänd kommun",Förmiddag,3
2017,2,"Norrbotten, okänd kommun",Kväll,1
2017,2,"Norrbotten, okänd kommun",Natt,1
2017,3,"Norrbotten, okänd kommun",Eftermiddag,2
2017,3,"Norrbotten, okänd kommun",Förmiddag,7
2017,3,"Norrbotten, okänd kommun",Kväll,3
2017,3,"Norrbotten, okänd kommun",Natt,5
2017,4,"Norrbotten, okänd kommun",Dag,2
2017,4,"Norrbotten, okänd kommun",Eftermiddag,1
2017,4,"Norrbotten, okänd kommun",Förmiddag,4
2017,4,"Norrbotten, okänd kommun",Natt,1
2017,5,"Norrbotten, okänd kommun",Dag,1
2017,5,"Norrbotten, okänd kommun",Eftermiddag,1
2017,5,"Norrbotten, okänd kommun",Förmiddag,6
2017,5,"Norrbotten, okänd kommun",Natt,1
2017,6,"Norrbotten, okänd kommun",Förmiddag,5
2017,6,"Norrbotten, okänd kommun",Natt,2
2017,7,"Norrbotten, okänd kommun",Dag,2
2017,7,"Norrbotten, okänd kommun",Förmiddag,2
2017,8,"Norrbotten, okänd kommun",Eftermiddag,2
2017,8,"Norrbotten, okänd kommun",Förmiddag,3
2017,8,"Norrbotten, okänd kommun",Kväll,1
2017,8,"Norrbotten, okänd kommun",Natt,4
2017,9,"Norrbotten, okänd kommun",Dag,1
2017,9,"Norrbotten, okänd kommun",Eftermiddag,1
2017,9,"Norrbotten, okänd kommun",Förmiddag,2
2017,9,"Norrbotten, okänd kommun",Kväll,2
2017,9,"Norrbotten, okänd kommun",Natt,1
2017,10,"Norrbotten, okänd kommun",Dag,2
2017,10,"Norrbotten, okänd kommun",Eftermiddag,1
2017,10,"Norrbotten, okänd kommun",Förmiddag,3
2017,10,"Norrbotten, okänd kommun",Kväll,1
2017,10,"Norrbotten, okänd kommun",Natt,1
2017,11,"Norrbotten, okänd kommun",Kväll,1
2017,11,"Norrbotten, okänd kommun",Natt,4
2017,12,"Norrbotten, okänd kommun",Dag,2
2017,12,"Norrbotten, okänd kommun",Förmiddag,3
2017,12,"Norrbotten, okänd kommun",Kväll,1
2017,12,"Norrbotten, okänd kommun",Natt,2
2018,1,"Norrbotten, okänd kommun",Förmiddag,5
2018,1,"Norrbotten, okänd kommun",Kväll,1
2018,1,"Norrbotten, okänd kommun",Natt,3
2018,2,"Norrbotten, okänd kommun",Förmiddag,6
2018,2,"Norrbotten, okänd kommun",Kväll,1
2018,2,"Norrbotten, okänd kommun",Kväll/natt,2
2018,2,"Norrbotten, okänd kommun",Natt,3
2018,3,"Norrbotten, okänd kommun",Eftermiddag,1
2018,3,"Norrbotten, okänd kommun",Förmiddag,3
2018,3,"Norrbotten, okänd kommun",Natt,1
2018,4,"Norrbotten, okänd kommun",Dag,1
2018,4,"Norrbotten, okänd kommun",Förmiddag,6
2018,4,"Norrbotten, okänd kommun",Natt,5
2018,5,"Norrbotten, okänd kommun",Dag,2
2018,5,"Norrbotten, okänd kommun",Eftermiddag,1
2018,5,"Norrbotten, okänd kommun",Förmiddag,3
2018,5,"Norrbotten, okänd kommun",Kväll,1
2018,5,"Norrbotten, okänd kommun",Natt,3
2018,6,"Norrbotten, okänd kommun",Dag,3
2018,6,"Norrbotten, okänd kommun",Eftermiddag,1
2018,6,"Norrbotten, okänd kommun",Förmiddag,4
2018,6,"Norrbotten, okänd kommun",Kväll/natt,1
2018,6,"Norrbotten, okänd kommun",Natt,5
2018,7,"Norrbotten, okänd kommun",Dag,1
2018,7,"Norrbotten, okänd kommun",Eftermiddag,1
2018,7,"Norrbotten, okänd kommun",Förmiddag,1
2018,7,"Norrbotten, okänd kommun",Natt,2
2018,8,"Norrbotten, okänd kommun",Förmiddag,3
2018,8,"Norrbotten, okänd kommun",Natt,4
2018,9,"Norrbotten, okänd kommun",Dag,1
2018,9,"Norrbotten, okänd kommun",Förmiddag,1
2018,9,"Norrbotten, okänd kommun",Natt,3
2018,10,"Norrbotten, okänd kommun",Förmiddag,2
2018,10,"Norrbotten, okänd kommun",Natt,2
2018,11,Bodens kommun,Natt,1
2018,11,"Norrbotten, okänd kommun",Dag,2
2018,11,"Norrbotten, okänd kommun",Eftermiddag,1
2018,11,"Norrbotten, okänd kommun",Natt,2
2018,12,"Norrbotten, okänd kommun",Dag,1
2018,12,"Norrbotten, okänd kommun",Eftermiddag,1
2018,12,"Norrbotten, okänd kommun",Natt,1
2019,1,"Norrbotten, okänd kommun",Eftermiddag,1
2019,1,"Norrbotten, okänd kommun",Förmiddag,2
2019,2,"Norrbotten, okänd kommun",Eftermiddag,1
2019,2,"Norrbotten, okänd kommun",Förmiddag,1
2019,3,"Norrbotten, okänd kommun",Förmiddag,1
2019,3,"Norrbotten, okänd kommun",Natt,4
2019,4,"Norrbotten, okänd kommun",Eftermiddag,1
2019,4,"Norrbotten, okänd kommun",Natt,1
2019,5,"Norrbotten, okänd kommun",Förmiddag,2
2019,5,"Norrbotten, okänd kommun",Natt,2
2019,6,"Norrbotten, okänd kommun",Eftermiddag,1
2019,6,"Norrbotten, okänd kommun",Förmiddag,2
2019,6,"Norrbotten, okänd kommun",Kväll,1
2019,6,"Norrbotten, okänd kommun",Natt,1
2019,6,Piteå kommun,Natt,1
2019,7,"Norrbotten, okänd kommun",Dag,1
2019,7,"Norrbotten, okänd kommun",Natt,1
2019,8,"Norrbotten, okänd kommun",Förmiddag,1
2019,9,"Norrbotten, okänd kommun",Dag,1
2019,10,"Norrbotten, okänd kommun",Dag,1
2019,10,"Norrbotten, okänd kommun",Förmiddag,1
2019,11,"Norrbotten, okänd kommun",Dag,1
2019,11,"Norrbotten, okänd kommun",Förmiddag,1
2020,1,"Norrbotten, okänd kommun",Natt,1
2020,2,"Norrbotten, okänd kommun",Natt,1
2020,3,"Norrbotten, okänd kommun",Kväll,3
2020,3,"Norrbotten, okänd kommun",Natt,1
2020,4,"Norrbotten, okänd kommun",Natt,1
2020,5,"Norrbotten, okänd kommun",Kväll,1
2020,6,"Norrbotten, okänd kommun",Natt,2
2020,7,"Norrbotten, okänd kommun",Natt,1
2020,8,Gällivare kommun,Natt,1
2020,8,"Norrbotten, okänd kommun",Natt,1
2020,9,"Norrbotten, okänd kommun",Kväll,2
2020,9,"Norrbotten, okänd kommun",Natt,2
2020,11,"Norrbotten, okänd kommun",Kväll,1
2020,11,"Norrbotten, okänd kommun",Natt,1
2020,12,"Norrbotten, okänd kommun",Natt,1
2021,1,"Norrbotten, okänd kommun",Kväll,1
2021,2,"Norrbotten, okänd kommun",Natt,8
2021,3,"Norrbotten, okänd kommun",Natt,4
2021,4,"Norrbotten, okänd kommun",Natt,5
2021,5,"Norrbotten, okänd kommun",Natt,1
2021,10,"Norrbotten, okänd kommun",Natt,2
2021,11,"Norrbotten, okänd kommun",Natt,2
2021,12,"Norrbotten, okänd kommun",Natt,2
2022,1,"Norrbotten, okänd kommun",Kväll,3
2022,1,"Norrbotten, okänd kommun",Natt,1
2022,2,"Norrbotten, okänd kommun",Natt,1
2022,5,"Norrbotten, okänd kommun",Natt,2
2022,7,"Norrbotten, okänd kommun",Natt,1
2022,9,"Norrbotten, okänd kommun",Natt,2
2022,10,"Norrbotten, okänd kommun",Kväll,2
2022,10,"Norrbotten, okänd kommun",Natt,2
2022,12,"Norrbotten, okänd kommun",Natt,1
2023,1,"Norrbotten, okänd kommun",Natt,1
2023,3,"Norrbotten, okänd kommun",Natt,1
2023,5,"Norrbotten, okänd kommun",Natt,1
2023,6,"Norrbotten, okänd kommun",Natt,2
2023,7,"Norrbotten, okänd kommun",Natt,1
2023,9,"Norrbotten, okänd kommun",Natt,1
2023,10,"Norrbotten, okänd kommun",Natt,1
2023,11,"Norrbotten, okänd kommun",Natt,1
2023,12,"Norrbotten, okänd kommun",Natt,1
2024,2,"Norrbotten, okänd kommun",Natt,1
2024,3,"Norrbotten, okänd kommun",Natt,4
2024,4,"Norrbotten, okänd kommun",Natt,1
2024,5,"Norrbotten, okänd kommun",Natt,1
2024,6,"Norrbotten, okänd kommun",Natt,2
2024,7,Bodens kommun,Natt,1
2024,9,"Norrbotten, okänd kommun",Natt,3
2024,10,"Norrbotten, okänd kommun",Natt,3
2024,11,"Norrbotten, okänd kommun",Natt,4
2024,12,"Norrbotten, okänd kommun",Natt,1
2025,1,"Norrbotten, okänd kommun",Natt,2
2025,2,"Norrbotten, okänd kommun",Natt,2
2025,4,"Norrbotten, okänd kommun",Natt,2
2025,5,"Norrbotten, okänd kommun",Natt,2
2025,6,"Norrbotten, okänd kommun",Natt,2
2025,9,"Norrbotten, okänd kommun",Natt,2
2025,10,"Norrbotten, okänd kommun",Natt,2
2026,1,"Norrbotten, okänd kommun",Natt,1
2026,2,"Norrbotten, okänd kommun",Natt,1
2026,3,"Norrbotten, okänd kommun",Natt,1
2026,4,"Norrbotten, okänd kommun",Natt,1
2026,5,"Norrbotten, okänd kommun",Natt,1
2026,6,"Norrbotten, okänd kommun",Natt,1
2026,8,"Norrbotten, okänd kommun",Natt,2
2026,9,"Norrbotten, okänd kommun",Natt,3
2026,10,"Norrbotten, okänd kommun",Natt,1
